Bad_Words,asslover
Bad_Words,queaf
Bad_Words,whitetrash
Bad_Words,pimp
Bad_Words,urine
Bad_Words,randy
Bad_Words,niglet
Bad_Words,narcotic
Bad_Words,rimming
Bad_Words,boner
Bad_Words,pornography
Bad_Words,dong
Bad_Words,slanteye
Bad_Words,jiggabo
Bad_Words,assassination
Bad_Words,peepshpw
Bad_Words,popimp
Bad_Words,girl on
Bad_Words,testicles
Bad_Words,laid
Bad_Words,molestor
Bad_Words,peni5
Bad_Words,tranny
Bad_Words,barface
Bad_Words,hell
Bad_Words,arsehole
Bad_Words,pissed
Bad_Words,sixsixsix
Bad_Words,execute
Bad_Words,shitty 
Bad_Words,conspiracy
Bad_Words,hamas
Bad_Words,cunilingus
Bad_Words,bitcher
Bad_Words,muslim
Bad_Words,pee
Bad_Words,niggled
Bad_Words,muffindiver
Bad_Words,cocksman
Bad_Words,scag
Bad_Words,aroused
Bad_Words,niggling
Bad_Words,fingerfucker 
Bad_Words,nlggor
Bad_Words,niggaz
Bad_Words,assfuck
Bad_Words,slant
Bad_Words,urinate
Bad_Words,mothafucked 
Bad_Words,fungus
Bad_Words,retard
Bad_Words,gummer
Bad_Words,venus mound
Bad_Words,alla
Bad_Words,spaghettinigger
Bad_Words,piss
Bad_Words,mickeyfinn
Bad_Words,fuckers
Bad_Words,jizzim
Bad_Words,tramp
Bad_Words,quashie
Bad_Words,prince albert piercing
Bad_Words,hardon
Bad_Words,menage a trois
Bad_Words,bukkake
Bad_Words,shag
Bad_Words,australian
Bad_Words,raped
Bad_Words,buggery
Bad_Words,weenie
Bad_Words,lickme
Bad_Words,reverse cowgirl
Bad_Words,tonguetramp
Bad_Words,cum
Bad_Words,copulate
Bad_Words,gun
Bad_Words,schlong
Bad_Words,cunn
Bad_Words,damnit
Bad_Words,crackpipe
Bad_Words,buttmuncher
Bad_Words,cameltoe
Bad_Words,camgirl
Bad_Words,hotpussy
Bad_Words,cuntfucker
Bad_Words,slave
Bad_Words,sluts
Bad_Words,ball licking
Bad_Words,hentai
Bad_Words,jackshit
Bad_Words,dickman
Bad_Words,doo-doo
Bad_Words,gook
Bad_Words,crimes
Bad_Words,ho
Bad_Words,bomd
Bad_Words,shitdick
Bad_Words,slapper
Bad_Words,urinary
Bad_Words,tantra
Bad_Words,nookie
Bad_Words,fuckedup
Bad_Words,gubba
Bad_Words,niggur
Bad_Words,cybersex
Bad_Words,dicklicker
Bad_Words,cunillingus
Bad_Words,hitlerism
Bad_Words,butt
Bad_Words,triplex
Bad_Words,busty
Bad_Words,dicklick
Bad_Words,kunilingus
Bad_Words,asian
Bad_Words,tonguethrust
Bad_Words,fistfucking 
Bad_Words,assmonkey
Bad_Words,criminal
Bad_Words,cockknob
Bad_Words,koon
Bad_Words,children's
Bad_Words,shat
Bad_Words,footfucker
Bad_Words,blonde action
Bad_Words,spitter
Bad_Words,weapon
Bad_Words,dive
Bad_Words,cumm
Bad_Words,cuntlicking 
Bad_Words,sexy-slim
Bad_Words,lemon party
Bad_Words,vibrater
Bad_Words,upskirt
Bad_Words,jijjiboo
Bad_Words,fuckfriend
Bad_Words,pthc
Bad_Words,mothafucka
Bad_Words,sniggered
Bad_Words,buttfuckers
Bad_Words,nutfucker
Bad_Words,peehole
Bad_Words,taboo
Bad_Words,erection
Bad_Words,nudity
Bad_Words,bast
Bad_Words,lesbayn
Bad_Words,hummer
Bad_Words,shortfuck
Bad_Words,cherrypopper
Bad_Words,adult
Bad_Words,palestinian
Bad_Words,pussylips
Bad_Words,nooner
Bad_Words,how to kill
Bad_Words,blumpkin
Bad_Words,stiffy
Bad_Words,piss pig
Bad_Words,beastiality
Bad_Words,latin
Bad_Words,butchbabes
Bad_Words,spunk
Bad_Words,gross
Bad_Words,xx
Bad_Words,crackwhore
Bad_Words,butt-fuckers
Bad_Words,kraut
Bad_Words,pooping
Bad_Words,style doggy
Bad_Words,lactate
Bad_Words,fecal
Bad_Words,rusty trombone
Bad_Words,wrinkled starfish
Bad_Words,spigotty
Bad_Words,dink
Bad_Words,clogwog
Bad_Words,whitey
Bad_Words,dies
Bad_Words,radical
Bad_Words,slaughter
Bad_Words,bollick
Bad_Words,sodomite
Bad_Words,balls
Bad_Words,nimphomania
Bad_Words,ball gag
Bad_Words,poof
Bad_Words,muff diver
Bad_Words,jail bait
Bad_Words,beaver
Bad_Words,asspirate
Bad_Words,bareback
Bad_Words,pimpjuice
Bad_Words,ballsack
Bad_Words,bi-sexual
Bad_Words,torture
Bad_Words,limey
Bad_Words,nookey
Bad_Words,breastman
Bad_Words,loser
Bad_Words,kills
Bad_Words,lesbo
Bad_Words,beatyourmeat
Bad_Words,lovemaking
Bad_Words,munt
Bad_Words,clitoris
Bad_Words,fornicate
Bad_Words,wet dream
Bad_Words,double penetration
Bad_Words,missionary position
Bad_Words,bugger
Bad_Words,lovejuice
Bad_Words,date rape
Bad_Words,eatballs
Bad_Words,handjob
Bad_Words,nlgger
Bad_Words,dixiedyke
Bad_Words,junglebunny
Bad_Words,sonofabitch
Bad_Words,goddamned
Bad_Words,deep throat
Bad_Words,jism
Bad_Words,assclown
Bad_Words,shitforbrains
Bad_Words,screwyou
Bad_Words,ethiopian
Bad_Words,nastyslut
Bad_Words,gang bang
Bad_Words,lubejob
Bad_Words,tied up
Bad_Words,make me come
Bad_Words,rimjob
Bad_Words,sexfarm
Bad_Words,tight white
Bad_Words,lezbe
Bad_Words,lezbo
Bad_Words,tribadism
Bad_Words,butt-bang
Bad_Words,asskiss
Bad_Words,sadism
Bad_Words,biteme
Bad_Words,angie
Bad_Words,abortion
Bad_Words,murderer
Bad_Words,motherfucker
Bad_Words,sextoy
Bad_Words,2g1c
Bad_Words,doggy style
Bad_Words,cunntt
Bad_Words,cooly
Bad_Words,ball sack
Bad_Words,sodom
Bad_Words,slideitin
Bad_Words,fudge packer
Bad_Words,fatfuck
Bad_Words,god
Bad_Words,gipp
Bad_Words,communist
Bad_Words,felatio 
Bad_Words,libido
Bad_Words,xtc
Bad_Words,cuntfuck
Bad_Words,niggardly
Bad_Words,fuckface
Bad_Words,faggot
Bad_Words,protestant
Bad_Words,trailertrash
Bad_Words,headfuck
Bad_Words,shav
Bad_Words,dickweed
Bad_Words,refugee
Bad_Words,trannie
Bad_Words,giant cock
Bad_Words,sexhound
Bad_Words,slut
Bad_Words,dead
Bad_Words,titlover
Bad_Words,wank
Bad_Words,moslem
Bad_Words,krappy
Bad_Words,black cock
Bad_Words,idiot
Bad_Words,tortur
Bad_Words,erotic
Bad_Words,donkey punch
Bad_Words,dirty pillows
Bad_Words,cockcowboy
Bad_Words,sucker
Bad_Words,cocktail
Bad_Words,doom
Bad_Words,hymen
Bad_Words,vibr
Bad_Words,terrorist
Bad_Words,mufflikcer
Bad_Words,phonesex
Bad_Words,teste
Bad_Words,pisshead
Bad_Words,slime
Bad_Words,brea5t
Bad_Words,tea bagging
Bad_Words,slutt
Bad_Words,cumbubble
Bad_Words,blackout
Bad_Words,hijacking
Bad_Words,premature
Bad_Words,sextogo
Bad_Words,arse
Bad_Words,racist
Bad_Words,jimfish
Bad_Words,flydye
Bad_Words,juggs
Bad_Words,jade
Bad_Words,wigger
Bad_Words,niggard's
Bad_Words,jigg
Bad_Words,dumb
Bad_Words,devilworshipper
Bad_Words,firing
Bad_Words,gatorbait
Bad_Words,murder
Bad_Words,chinese
Bad_Words,fastfuck
Bad_Words,spik
Bad_Words,nuke
Bad_Words,bastinado
Bad_Words,kondum
Bad_Words,pansy
Bad_Words,destroy
Bad_Words,ikey
Bad_Words,women rapping
Bad_Words,titfucker
Bad_Words,crime
Bad_Words,swinger
Bad_Words,shitola
Bad_Words,killer
Bad_Words,fart
Bad_Words,booby
Bad_Words,pimpsimp
Bad_Words,coon
Bad_Words,strap on
Bad_Words,zigabo
Bad_Words,faith
Bad_Words,bisexual
Bad_Words,gangsta
Bad_Words,teat
Bad_Words,boobies
Bad_Words,kafir
Bad_Words,dp action
Bad_Words,jugs
Bad_Words,husky
Bad_Words,homoerotic
Bad_Words,twinkie
Bad_Words,spooge
Bad_Words,kink
Bad_Words,sleezebag
Bad_Words,gay
Bad_Words,homo
Bad_Words,slutwhore
Bad_Words,dickless
Bad_Words,cumfest
Bad_Words,israeli
Bad_Words,fuk
Bad_Words,niggardliness
Bad_Words,nigr
Bad_Words,goddamit
Bad_Words,sandnigger
Bad_Words,dope
Bad_Words,insest
Bad_Words,foreskin
Bad_Words,acrotomophilia
Bad_Words,dumbbitch
Bad_Words,fuckmonkey
Bad_Words,pubiclice
Bad_Words,cyberslimer
Bad_Words,titfuck
Bad_Words,cummer
Bad_Words,kumquat
Bad_Words,one guy one jar
Bad_Words,fire
Bad_Words,sexo
Bad_Words,carruth
Bad_Words,cocktease
Bad_Words,trisexual
Bad_Words,pric
Bad_Words,rabbi
Bad_Words,gypp
Bad_Words,cunnilingus
Bad_Words,dipshit
Bad_Words,welfare
Bad_Words,arabs
Bad_Words,transvestite
Bad_Words,tnt
Bad_Words,penile
Bad_Words,mothafuckings
Bad_Words,peckerwood
Bad_Words,enemy
Bad_Words,negroid
Bad_Words,genital
Bad_Words,gangbanger
Bad_Words,queef
Bad_Words,strapon
Bad_Words,thicklips
Bad_Words,female squirting
Bad_Words,flydie
Bad_Words,crabs
Bad_Words,christ
Bad_Words,ejaculate
Bad_Words,carpet muncher
Bad_Words,lucifer
Bad_Words,butchdyke
Bad_Words,vatican
Bad_Words,skumbag
Bad_Words,horseshit
Bad_Words,eunuch
Bad_Words,dickforbrains
Bad_Words,bondage
Bad_Words,kumbullbe
Bad_Words,crack
Bad_Words,niggerhole
Bad_Words,niggard
Bad_Words,rosy palm
Bad_Words,assranger
Bad_Words,beat-off
Bad_Words,bastard 
Bad_Words,asspuppies
Bad_Words,jiggerboo
Bad_Words,cuntlick 
Bad_Words,pommie
Bad_Words,doggie style
Bad_Words,lezz
Bad_Words,jesuschrist
Bad_Words,nazi
Bad_Words,feltch
Bad_Words,chode
Bad_Words,pleasure chest
Bad_Words,wetback
Bad_Words,zipperhead
Bad_Words,necro
Bad_Words,goddamnmuthafucker
Bad_Words,whiskeydick
Bad_Words,slopy
Bad_Words,executioner
Bad_Words,colored
Bad_Words,ethnic
Bad_Words,turnon
Bad_Words,hole
Bad_Words,nofuckingway
Bad_Words,mastrabator
Bad_Words,jack off
Bad_Words,orgies
Bad_Words,pisses 
Bad_Words,blow job
Bad_Words,criminals
Bad_Words,cockqueen
Bad_Words,tosser
Bad_Words,snownigger
Bad_Words,holestuffer
Bad_Words,dipstick
Bad_Words,mofo
Bad_Words,nipplering
Bad_Words,minority
Bad_Words,italiano
Bad_Words,palesimian
Bad_Words,poo
Bad_Words,horn
Bad_Words,rape
Bad_Words,genitals
Bad_Words,conservative
Bad_Words,jebus
Bad_Words,bullcrap
Bad_Words,dick
Bad_Words,cumqueen
Bad_Words,spread legs
Bad_Words,cancer
Bad_Words,kaffir
Bad_Words,mocky
Bad_Words,suckmytit
Bad_Words,vorarephilia
Bad_Words,naked
Bad_Words,shited
Bad_Words,nigg
Bad_Words,spermhearder
Bad_Words,whore
Bad_Words,african
Bad_Words,disease
Bad_Words,lovebone
Bad_Words,spreadeagle
Bad_Words,coprolagnia
Bad_Words,humping
Bad_Words,suicide girls
Bad_Words,bong
Bad_Words,pole smoker
Bad_Words,shrimping
Bad_Words,gin
Bad_Words,purinapricness
Bad_Words,sexslave
Bad_Words,big knockers
Bad_Words,iblowu
Bad_Words,pissin 
Bad_Words,skank
Bad_Words,lotion
Bad_Words,asshole
Bad_Words,easyslut
Bad_Words,mothafucker
Bad_Words,whiz
Bad_Words,lsd
Bad_Words,cocksucked 
Bad_Words,hosejob
Bad_Words,wanker
Bad_Words,cumjockey
Bad_Words,eat my ass
Bad_Words,lovegoo
Bad_Words,whites
Bad_Words,propaganda
Bad_Words,sexwhore
Bad_Words,cunt
Bad_Words,welcher
Bad_Words,how to murder
Bad_Words,scum
Bad_Words,phuked
Bad_Words,suckoff
Bad_Words,shithapens
Bad_Words,drug
Bad_Words,auto erotic
Bad_Words,sultry women
Bad_Words,barenaked
Bad_Words,wetspot
Bad_Words,sixtynine
Bad_Words,wrapping men
Bad_Words,buttplug
Bad_Words,jiggy
Bad_Words,alligatorbait
Bad_Words,flange
Bad_Words,shitfit
Bad_Words,dirty
Bad_Words,huge fat
Bad_Words,bulldyke
Bad_Words,orgasm
Bad_Words,bumfuck
Bad_Words,deposit
Bad_Words,big breasts
Bad_Words,sexual
Bad_Words,japanese
Bad_Words,suckmyass
Bad_Words,church
Bad_Words,goyim
Bad_Words,bohunk
Bad_Words,bigass
Bad_Words,fannyfucker
Bad_Words,gaymuthafuckinwhore
Bad_Words,babies
Bad_Words,girls
Bad_Words,turd
Bad_Words,fuck buttons
Bad_Words,fagging
Bad_Words,pisser
Bad_Words,sandm
Bad_Words,wog
Bad_Words,escort
Bad_Words,octopussy
Bad_Words,tinkle
Bad_Words,snigger
Bad_Words,groe
Bad_Words,vibrator
Bad_Words,dix
Bad_Words,swalow
Bad_Words,chin
Bad_Words,niggles
Bad_Words,asslicker
Bad_Words,molester
Bad_Words,backseat
Bad_Words,geez
Bad_Words,seppo
Bad_Words,sexually
Bad_Words,boong
Bad_Words,voyeur
Bad_Words,butthole
Bad_Words,hoser
Bad_Words,fore
Bad_Words,asswhore
Bad_Words,cocaine
Bad_Words,skanky
Bad_Words,european
Bad_Words,mothafuck
Bad_Words,titlicker
Bad_Words,buttstain
Bad_Words,penises
Bad_Words,spermacide
Bad_Words,mexican
Bad_Words,skankybitch
Bad_Words,white power
Bad_Words,puddboy
Bad_Words,coondog
Bad_Words,stripclub
Bad_Words,mockie
Bad_Words,american
Bad_Words,jesus
Bad_Words,tushy
Bad_Words,kumbubble
Bad_Words,milf
Bad_Words,mormon
Bad_Words,ontherag
Bad_Words,henhouse
Bad_Words,slutty
Bad_Words,big black
Bad_Words,dego
Bad_Words,daterape
Bad_Words,phukked
Bad_Words,cuntlicker 
Bad_Words,failed
Bad_Words,lezbefriends
Bad_Words,pissing
Bad_Words,bitchy
Bad_Words,pohm
Bad_Words,kigger
Bad_Words,nastywhore
Bad_Words,bangbros
Bad_Words,upthebutt
Bad_Words,cohee
Bad_Words,fistfuck
Bad_Words,fuckingbitch
Bad_Words,shibari
Bad_Words,cigs
Bad_Words,jiggaboo
Bad_Words,japcrap
Bad_Words,raper
Bad_Words,jackass
Bad_Words,orgasim 
Bad_Words,sexed
Bad_Words,jackoff
Bad_Words,baby batter
Bad_Words,toilet
Bad_Words,tampon
Bad_Words,uk
Bad_Words,porn
Bad_Words,snowballing
Bad_Words,goldenshower
Bad_Words,titties
Bad_Words,towelhead
Bad_Words,titjob
Bad_Words,abo
Bad_Words,molestation
Bad_Words,fok
Bad_Words,crapola
Bad_Words,foursome
Bad_Words,suicide
Bad_Words,scrotum
Bad_Words,cumming
Bad_Words,niggerhead
Bad_Words,pussie
Bad_Words,abuse
Bad_Words,analannie
Bad_Words,cocksucking
Bad_Words,breastjob
Bad_Words,blonde on blonde action
Bad_Words,paedophile
Bad_Words,kumming
Bad_Words,reestie
Bad_Words,suckme
Bad_Words,willie
Bad_Words,shhit
Bad_Words,titbitnipply
Bad_Words,hot chick
Bad_Words,skankwhore
Bad_Words,fudgepacker
Bad_Words,dragqueen
Bad_Words,deapthroat
Bad_Words,barelylegal
Bad_Words,circlejerk
Bad_Words,shinola
Bad_Words,hookers
Bad_Words,flatulence
Bad_Words,scat
Bad_Words,damn
Bad_Words,mafia
Bad_Words,anus
Bad_Words,gokkun
Bad_Words,argie
Bad_Words,buttpirate
Bad_Words,goregasm
Bad_Words,fagot
Bad_Words,fuks
Bad_Words,redneck
Bad_Words,jiga
Bad_Words,cockhead
Bad_Words,freakfuck
Bad_Words,2 girls 1 cup
Bad_Words,crotchjockey
Bad_Words,dripdick
Bad_Words,die
Bad_Words,fuckina
Bad_Words,orgy
Bad_Words,phungky
Bad_Words,beaver cleaver
Bad_Words,sexy
Bad_Words,darky
Bad_Words,magicwand
Bad_Words,screw
Bad_Words,dominatrix
Bad_Words,butt-fucker
Bad_Words,neonazi
Bad_Words,fuckpig
Bad_Words,manpaste
Bad_Words,molest
Bad_Words,whiskydick
Bad_Words,lez
Bad_Words,darkie
Bad_Words,rearend
Bad_Words,niggardliness's
Bad_Words,trojan
Bad_Words,smack
Bad_Words,lapdance
Bad_Words,brunette action
Bad_Words,hindoo
Bad_Words,fourtwenty
Bad_Words,deepthroat
Bad_Words,moles
Bad_Words,hebe
Bad_Words,pommy
Bad_Words,fuckher
Bad_Words,stringer
Bad_Words,one cup two girls
Bad_Words,peck
Bad_Words,backdoorman
Bad_Words,male squirting
Bad_Words,shiting
Bad_Words,clamdiver
Bad_Words,fairy
Bad_Words,pussylicker
Bad_Words,slav
Bad_Words,nigre
Bad_Words,robber
Bad_Words,horny
Bad_Words,penetration
Bad_Words,phuking
Bad_Words,cigarette
Bad_Words,dyefly
Bad_Words,playboy
Bad_Words,golden shower
Bad_Words,cumshot
Bad_Words,chinamen
Bad_Words,pickaninny
Bad_Words,diddle
Bad_Words,fatah
Bad_Words,bombers
Bad_Words,suckdick
Bad_Words,bigbastard
Bad_Words,pube
Bad_Words,mosshead
Bad_Words,pornking
Bad_Words,terror
Bad_Words,pimper
Bad_Words,fuckbuddy
Bad_Words,period
Bad_Words,catholics
Bad_Words,pistol
Bad_Words,g-spot
Bad_Words,doodoo
Bad_Words,mockey
Bad_Words,funeral
Bad_Words,prickhead
Bad_Words,whop
Bad_Words,allah
Bad_Words,pussyeater
Bad_Words,cocksmith
Bad_Words,executed
Bad_Words,barely legal
Bad_Words,niggarding
Bad_Words,swastika
Bad_Words,buried
Bad_Words,pocho
Bad_Words,nip
Bad_Words,weewee
Bad_Words,whiskey
Bad_Words,beast
Bad_Words,phone sex
Bad_Words,muncher
Bad_Words,fuckhead
Bad_Words,smackthemonkey
Bad_Words,badfuck
Bad_Words,harem
Bad_Words,nigerians
Bad_Words,bastardo
Bad_Words,shooting
Bad_Words,pissoff 
Bad_Words,fistfucked 
Bad_Words,ginzo
Bad_Words,mattressprincess
Bad_Words,primetime
Bad_Words,undressing
Bad_Words,fuckable
Bad_Words,puss
Bad_Words,bbw
Bad_Words,damnation
Bad_Words,jeez
Bad_Words,stroking
Bad_Words,leather restraint
Bad_Words,yankee
Bad_Words,piky
Bad_Words,beastality
Bad_Words,cocksucer
Bad_Words,goddamn
Bad_Words,poopchute
Bad_Words,shitfaced
Bad_Words,dickhead
Bad_Words,gangbanged 
Bad_Words,masterbate
Bad_Words,pikey
Bad_Words,rosy palm and her 5 sisters
Bad_Words,doggiestyle
Bad_Words,bitches
Bad_Words,desire
Bad_Words,pansies
Bad_Words,dickbrain
Bad_Words,sissy
Bad_Words,felch
Bad_Words,penis
Bad_Words,horney
Bad_Words,buttmunch
Bad_Words,baptist
Bad_Words,assassin
Bad_Words,fingering
Bad_Words,cock
Bad_Words,osama
Bad_Words,mothafucking 
Bad_Words,republican
Bad_Words,wetb
Bad_Words,freefuck
Bad_Words,rere
Bad_Words,goatse
Bad_Words,transexual
Bad_Words,bunghole
Bad_Words,assholes
Bad_Words,butt-fuck
Bad_Words,nig nog
Bad_Words,snowback
Bad_Words,sniper
Bad_Words,gangbang
Bad_Words,cockfight
Bad_Words,death
Bad_Words,mggor
Bad_Words,skankbitch
Bad_Words,goy
Bad_Words,twat
Bad_Words,masturbate
Bad_Words,usama
Bad_Words,babeland
Bad_Words,dickwad
Bad_Words,cornhole
Bad_Words,nigra
Bad_Words,fuckinright
Bad_Words,blue waffle
Bad_Words,clit
Bad_Words,niggle
Bad_Words,timbernigger
Bad_Words,picaninny
Bad_Words,whorefucker
Bad_Words,yellowman
Bad_Words,ass
Bad_Words,ero
Bad_Words,dommes
Bad_Words,nig
Bad_Words,lolita
Bad_Words,grostulation
Bad_Words,dixiedike
Bad_Words,shitfucker
Bad_Words,hymie
Bad_Words,sheeney
Bad_Words,asswipe
Bad_Words,crash
Bad_Words,vomit
Bad_Words,died
Bad_Words,femdom
Bad_Words,cameljockey
Bad_Words,footfuck
Bad_Words,sonofbitch
Bad_Words,cleveland steamer
Bad_Words,dahmer
Bad_Words,feltcher
Bad_Words,bitch
Bad_Words,fingerfuckers
Bad_Words,buttface
Bad_Words,evl
Bad_Words,dammit
Bad_Words,lovepistol
Bad_Words,twink
Bad_Words,shitting
Bad_Words,blind
Bad_Words,reefer
Bad_Words,beaver lips
Bad_Words,motherlovebone
Bad_Words,panties
Bad_Words,fucka
Bad_Words,fatass
Bad_Words,lugan
Bad_Words,devil
Bad_Words,pornflick
Bad_Words,russkie
Bad_Words,fight
Bad_Words,thirdleg
Bad_Words,hore
Bad_Words,jerk off
Bad_Words,negroes
Bad_Words,moron
Bad_Words,shaved beaver
Bad_Words,gonzagas
Bad_Words,drunken
Bad_Words,blackman
Bad_Words,asskisser
Bad_Words,crotchrot
Bad_Words,motherfuckin
Bad_Words,lezzo
Bad_Words,fondle
Bad_Words,slopey
Bad_Words,clusterfuck
Bad_Words,fister
Bad_Words,skankfuck
Bad_Words,condom
Bad_Words,kill
Bad_Words,taff
Bad_Words,shithouse
Bad_Words,cockblock
Bad_Words,hoes
Bad_Words,horniest
Bad_Words,kunt
Bad_Words,facefucker
Bad_Words,assmuncher
Bad_Words,bollock
Bad_Words,smut
Bad_Words,stupidfuck
Bad_Words,assmunch
Bad_Words,prostitute
Bad_Words,payo
Bad_Words,poorwhitetrash
Bad_Words,honkey
Bad_Words,farting 
Bad_Words,getiton
Bad_Words,bulldike
Bad_Words,raping
Bad_Words,arab
Bad_Words,moky
Bad_Words,futanari
Bad_Words,nigger
Bad_Words,illegal
Bad_Words,hardcore
Bad_Words,skinflute
Bad_Words,throating
Bad_Words,asspacker
Bad_Words,leather straight jacket
Bad_Words,raghead
Bad_Words,crotch
Bad_Words,goo girl
Bad_Words,knobbing
Bad_Words,buttman
Bad_Words,glazeddonut
Bad_Words,urethra play
Bad_Words,africa
Bad_Words,fairies
Bad_Words,fuckmehard
Bad_Words,shaved pussy
Bad_Words,bitchin
Bad_Words,fu
Bad_Words,cocks
Bad_Words,fucker
Bad_Words,gyppie
Bad_Words,kinkster
Bad_Words,penthouse
Bad_Words,biatch
Bad_Words,wop
Bad_Words,erect
Bad_Words,fag
Bad_Words,fuck
Bad_Words,shitfull
Bad_Words,vaginal
Bad_Words,fraud
Bad_Words,color
Bad_Words,flasher
Bad_Words,filipino
Bad_Words,sexpot
Bad_Words,sexymoma
Bad_Words,boonie
Bad_Words,puke
Bad_Words,buttcheeks
Bad_Words,cacker
Bad_Words,bdsm
Bad_Words,shemale
Bad_Words,porchmonkey
Bad_Words,violet blue
Bad_Words,eatme
Bad_Words,looser
Bad_Words,virgin
Bad_Words,assbagger
Bad_Words,limy
Bad_Words,negro's
Bad_Words,lesbian
Bad_Words,hustler
Bad_Words,cunteyed
Bad_Words,tarbaby
Bad_Words,nipples
Bad_Words,dumbfuck
Bad_Words,backdoor
Bad_Words,wuzzie
Bad_Words,sadom
Bad_Words,threeway
Bad_Words,pimpjuic
Bad_Words,chinaman
Bad_Words,brown showers
Bad_Words,pubes
Bad_Words,masturbating
Bad_Words,bollocks
Bad_Words,bunga
Bad_Words,sodomize
Bad_Words,goddammit
Bad_Words,footstar
Bad_Words,goatcx
Bad_Words,chink
Bad_Words,butthead
Bad_Words,liquor
Bad_Words,spermbag
Bad_Words,jailbait
Bad_Words,beatoff
Bad_Words,incest
Bad_Words,vagina
Bad_Words,urophilia
Bad_Words,niggarded
Bad_Words,kaffer
Bad_Words,rearentry
Bad_Words,motherfucking
Bad_Words,spic
Bad_Words,areola
Bad_Words,harder
Bad_Words,greaseball
Bad_Words,loverocket
Bad_Words,asshore
Bad_Words,perv
Bad_Words,fingerfood
Bad_Words,muff
Bad_Words,shaggin
Bad_Words,commie
Bad_Words,hitler
Bad_Words,burn
Bad_Words,honky
Bad_Words,tongue
Bad_Words,fubar
Bad_Words,oral
Bad_Words,dildo
Bad_Words,abbo
Bad_Words,sniggering
Bad_Words,bomb
Bad_Words,omorashi
Bad_Words,pedophile
Bad_Words,spig
Bad_Words,freakyfucker
Bad_Words,swallower
Bad_Words,birdlock
Bad_Words,bigbutt
Bad_Words,nastyho
Bad_Words,goddamnes
Bad_Words,pooperscooper
Bad_Words,bi
Bad_Words,sucks
Bad_Words,jizz
Bad_Words,nambla
Bad_Words,puntang
Bad_Words,gay sex
Bad_Words,bootycall
Bad_Words,reject
Bad_Words,enema
Bad_Words,sob
Bad_Words,spankthemonkey
Bad_Words,buggered
Bad_Words,jewish
Bad_Words,wuss
Bad_Words,asslick
Bad_Words,bitching
Bad_Words,strip club
Bad_Words,gringo
Bad_Words,pendy
Bad_Words,tard
Bad_Words,boody
Bad_Words,chocolate rosebuds
Bad_Words,buttfuck
Bad_Words,domination
Bad_Words,faeces
Bad_Words,splittail
Bad_Words,clamdigger
Bad_Words,shitlist
Bad_Words,double dong
Bad_Words,niggor
Bad_Words,motherfucked
Bad_Words,slimeball
Bad_Words,pusy
Bad_Words,pedobear
Bad_Words,excrement
Bad_Words,goddamnit
Bad_Words,stagg
Bad_Words,hijack
Bad_Words,sexkitten
Bad_Words,hook
Bad_Words,coolie
Bad_Words,phuq
Bad_Words,servant
Bad_Words,gyppo
Bad_Words,slopehead
Bad_Words,pud
Bad_Words,fingerfuck 
Bad_Words,dumbass
Bad_Words,williewanker
Bad_Words,fisting
Bad_Words,crapper
Bad_Words,sixtyniner
Bad_Words,fetish
Bad_Words,two girls one cup
Bad_Words,threesome
Bad_Words,bitchez
Bad_Words,manhater
Bad_Words,pudd
Bad_Words,nympho
Bad_Words,mothafuckin
Bad_Words,shitted
Bad_Words,hitlerist
Bad_Words,semen
Bad_Words,pi55
Bad_Words,yaoi
Bad_Words,scissoring
Bad_Words,sodomise
Bad_Words,ky
Bad_Words,big tits
Bad_Words,muffdiver
Bad_Words,farty 
Bad_Words,nsfw images
Bad_Words,ecchi
Bad_Words,dirty sanchez
Bad_Words,mooncricket
Bad_Words,shite
Bad_Words,boom
Bad_Words,asshat
Bad_Words,fat
Bad_Words,intercourse
Bad_Words,chav
Bad_Words,intheass
Bad_Words,jacktheripper
Bad_Words,felcher
Bad_Words,spaghettibender
Bad_Words,angry
Bad_Words,gaysex 
Bad_Words,willy
Bad_Words,addict
Bad_Words,russki
Bad_Words,slimebucket
Bad_Words,bogan
Bad_Words,goodpoop
Bad_Words,fuckme 
Bad_Words,shitcan
Bad_Words,brothel
Bad_Words,rentafuck
Bad_Words,footjob
Bad_Words,sick
Bad_Words,shitoutofluck
Bad_Words,paki
Bad_Words,rump
Bad_Words,licker
Bad_Words,nigerian
Bad_Words,pindick
Bad_Words,cockrider
Bad_Words,felching
Bad_Words,geezer
Bad_Words,balllicker
Bad_Words,ponyplay
Bad_Words,fuckoff
Bad_Words,jizzum
Bad_Words,sadis
Bad_Words,hodgie
Bad_Words,fatfucker
Bad_Words,poop
Bad_Words,tits
Bad_Words,bicurious
Bad_Words,bombs
Bad_Words,hork
Bad_Words,mr hands
Bad_Words,bi curious
Bad_Words,sooty
Bad_Words,liberal
Bad_Words,prick
Bad_Words,clover clamps
Bad_Words,spunky
Bad_Words,nymphomania
Bad_Words,playgirl
Bad_Words,vietcong
Bad_Words,yellow showers
Bad_Words,xxx
Bad_Words,pecker
Bad_Words,bitchslap
Bad_Words,demon
Bad_Words,crap
Bad_Words,jihad
Bad_Words,assjockey
Bad_Words,macaca
Bad_Words,kums
Bad_Words,kinky
Bad_Words,pooper
Bad_Words,homicide
Bad_Words,fuuck
Bad_Words,poon
Bad_Words,fear
Bad_Words,shitfuck
Bad_Words,tittie
Bad_Words,wanking
Bad_Words,girl on top
Bad_Words,fistfucker 
Bad_Words,zoophilia
Bad_Words,farted 
Bad_Words,nigglings
Bad_Words,hiscock
Bad_Words,tang
Bad_Words,erotism
Bad_Words,floo
Bad_Words,honger
Bad_Words,meth
Bad_Words,beaner
Bad_Words,kummer
Bad_Words,wn
Bad_Words,geni
Bad_Words,whash
Bad_Words,fuckinnuts
Bad_Words,fuckin
Bad_Words,tainted love
Bad_Words,dyke
Bad_Words,kotex
Bad_Words,suck
Bad_Words,poverty
Bad_Words,butchdike
Bad_Words,datnigga
Bad_Words,uterus
Bad_Words,execution
Bad_Words,trots
Bad_Words,luckycammeltoe
Bad_Words,roach
Bad_Words,swallow
Bad_Words,motherfuck
Bad_Words,blow
Bad_Words,ball gravy
Bad_Words,slutwear
Bad_Words,panti
Bad_Words,kissass
Bad_Words,shawtypimp
Bad_Words,muffdive
Bad_Words,mulatto
Bad_Words,noonan
Bad_Words,wab
Bad_Words,banging
Bad_Words,tunneloflove
Bad_Words,doggystyle
Bad_Words,fuckwhore
Bad_Words,rapist
Bad_Words,homobangers
Bad_Words,porno
Bad_Words,barfface
Bad_Words,sex
Bad_Words,syphilis
Bad_Words,pearlnecklace
Bad_Words,sleezeball
Bad_Words,sextoys
Bad_Words,assman
Bad_Words,german
Bad_Words,shagging
Bad_Words,anilingus
Bad_Words,stupidfucker
Bad_Words,loadedgun
Bad_Words,beastial
Bad_Words,shithead
Bad_Words,asses
Bad_Words,pussylover
Bad_Words,niggah
Bad_Words,gotohell
Bad_Words,jigga
Bad_Words,remains
Bad_Words,frotting
Bad_Words,thirdeye
Bad_Words,fuckknob
Bad_Words,inthebuff
Bad_Words,nawashi
Bad_Words,roundeye
Bad_Words,retarded
Bad_Words,mastabate
Bad_Words,disturbed
Bad_Words,kunnilingus
Bad_Words,bung hole
Bad_Words,pee-pee
Bad_Words,camwhore
Bad_Words,satan
Bad_Words,lowlife
Bad_Words,tubgirl
Bad_Words,fucks
Bad_Words,diseases
Bad_Words,blow your l
Bad_Words,krap
Bad_Words,addicts
Bad_Words,snatchpatch
Bad_Words,bra
Bad_Words,poontang
Bad_Words,snatch
Bad_Words,pussypounder
Bad_Words,shit
Bad_Words,knife
Bad_Words,pu55i
Bad_Words,footaction
Bad_Words,footlicker
Bad_Words,bimbos
Bad_Words,mothafuckaz
Bad_Words,pussycat
Bad_Words,fucking
Bad_Words,funfuck
Bad_Words,piece of shit
Bad_Words,boang
Bad_Words,nipple
Bad_Words,fuckit
Bad_Words,shoot
Bad_Words,quim
Bad_Words,booty call
Bad_Words,slutting
Bad_Words,coitus
Bad_Words,tit
Bad_Words,spermherder
Bad_Words,raging boner
Bad_Words,buttfucker
Bad_Words,quickie
Bad_Words,grope
Bad_Words,skum
Bad_Words,rectum
Bad_Words,kanake
Bad_Words,soviet
Bad_Words,lies
Bad_Words,honkers
Bad_Words,chinky
Bad_Words,dingleberry
Bad_Words,shota
Bad_Words,hillbillies
Bad_Words,godammit
Bad_Words,fugly
Bad_Words,nasty
Bad_Words,ejaculation
Bad_Words,waysted
Bad_Words,carpetmuncher
Bad_Words,nastybitch
Bad_Words,camel toe
Bad_Words,strappado
Bad_Words,jew
Bad_Words,limpdick
Bad_Words,heroin
Bad_Words,panty
Bad_Words,polack
Bad_Words,pornprincess
Bad_Words,gonorrehea
Bad_Words,meatbeatter
Bad_Words,crotchmonkey
Bad_Words,topless
Bad_Words,shithappens
Bad_Words,foot fetish
Bad_Words,canadian
Bad_Words,amateur
Bad_Words,uck
Bad_Words,whitenigger
Bad_Words,niger
Bad_Words,bigger
Bad_Words,squaw
Bad_Words,hand job
Bad_Words,buttbang
Bad_Words,titty
Bad_Words,gypo
Bad_Words,defecate
Bad_Words,kock
Bad_Words,niggaracci
Bad_Words,pussyfucker
Bad_Words,corruption
Bad_Words,girls gone wild
Bad_Words,boobs
Bad_Words,ejaculated
Bad_Words,shitface
Bad_Words,autoerotic
Bad_Words,creamy
Bad_Words,bible
Bad_Words,fckcum
Bad_Words,knockers
Bad_Words,fucck
Bad_Words,whorehouse
Bad_Words,cocksmoker
Bad_Words,queer
Bad_Words,cocklover
Bad_Words,assblaster
Bad_Words,bombing
Bad_Words,hooters
Bad_Words,forni
Bad_Words,kike
Bad_Words,hapa
Bad_Words,bazooms
Bad_Words,vulva
Bad_Words,failure
Bad_Words,racial
Bad_Words,fuckfreak
Bad_Words,snot
Bad_Words,cuntsucker
Bad_Words,fingerfucked 
Bad_Words,scallywag
Bad_Words,pixy
Bad_Words,kkk
Bad_Words,mastabater
Bad_Words,byatch
Bad_Words,whigger
Bad_Words,sos
Bad_Words,pussy
Bad_Words,group sex
Bad_Words,attack
Bad_Words,fucktard
Bad_Words,nook
Bad_Words,marijuana
Bad_Words,filipina
Bad_Words,asscowboy
Bad_Words,fatso
Bad_Words,spit
Bad_Words,bazongas
Bad_Words,chickslick
Bad_Words,joint
Bad_Words,niggards
Bad_Words,cockblocker
Bad_Words,gob
Bad_Words,lingerie
Bad_Words,anal
Bad_Words,headlights
Bad_Words,dike
Bad_Words,pegging
Bad_Words,kaffre
Bad_Words,taste my
Bad_Words,crack-whore
Bad_Words,lynch
Bad_Words,tub girl
Bad_Words,bullshit
Bad_Words,explosion
Bad_Words,black
Bad_Words,homosexual
Bad_Words,fucked
Bad_Words,showtime
Bad_Words,lesbin
Bad_Words,kid
Bad_Words,fellatio
Bad_Words,nudger
Bad_Words,women's
Bad_Words,boonga
Bad_Words,choad
Bad_Words,assault
Bad_Words,cra5h
Bad_Words,tuckahoe
Bad_Words,fingerfucking 
Bad_Words,hijacker
Bad_Words,athletesfoot
Bad_Words,pom
Bad_Words,livesex
Bad_Words,hostage
Bad_Words,cocknob
Bad_Words,nude
Bad_Words,hard core
Bad_Words,fuckbag
Bad_Words,hobo
Bad_Words,itch
Bad_Words,gyp
Bad_Words,kyke
Bad_Words,pros
Bad_Words,stupid
Bad_Words,radicals
Bad_Words,figging
Bad_Words,fuckfest
Bad_Words,hottotrot
Bad_Words,kinbaku
Bad_Words,sexhouse
Bad_Words,violet wand
Bad_Words,analsex
Bad_Words,nigga
Bad_Words,nittit
Bad_Words,jiz 
Bad_Words,suckmydick
Bad_Words,pussies
Bad_Words,hotdamn
Bad_Words,assfucker
Bad_Words,jizim
Bad_Words,pixie
Bad_Words,kum
Bad_Words,cemetery
Bad_Words,rigger
Bad_Words,ethical slut
Bad_Words,dolcett
Bad_Words,ejaculating 
Bad_Words,babe
Bad_Words,cumquat
Bad_Words,eatpussy
Bad_Words,phuk
Bad_Words,givehead
Bad_Words,drunk
Bad_Words,phukking
Bad_Words,shiteater
Bad_Words,catholic
Bad_Words,hooker
Bad_Words,cocksuck 
Bad_Words,cocksucker
Bad_Words,ball kicking
Bad_Words,fuckyou
Bad_Words,crappy
Bad_Words,feltching
Bad_Words,mideast
Bad_Words,ecstacy
Bad_Words,ribbed
Bad_Words,dog style
Bad_Words,interracial
Bad_Words,tongue in a
Bad_Words,pocha
Bad_Words,skankywhore
Bad_Words,pu55y
Bad_Words,motherfuckings
Bad_Words,piker
Bad_Words,peepshow
Bad_Words,jap
Bad_Words,yiffy
Bad_Words,tongethruster
Bad_Words,nigger's
Bad_Words,breastlover
Bad_Words,stroke
Bad_Words,twobitwhore
Bad_Words,shits
Bad_Words,israel's
Bad_Words,jerkoff
Bad_Words,bullet vibe
Bad_Words,assassinate
Bad_Words,killed
Bad_Words,pocketpool
Bad_Words,whacker
Bad_Words,wtf
Bad_Words,barf
Bad_Words,juggalo
Bad_Words,negro
Bad_Words,spick
Bad_Words,gyppy
Bad_Words,nymph
Bad_Words,snigger's
Bad_Words,violence
Bad_Words,lovemuscle
Bad_Words,dago
Bad_Words,feces
Bad_Words,booty
Bad_Words,niggers
Bad_Words,shitter
Bad_Words,sodomy
Bad_Words,hussy
Bad_Words,pisspig
Bad_Words,coprophilia
Bad_Words,christian
Bad_Words,pimped
Bad_Words,boob
Bad_Words,breast
Bad_Words,sperm
Bad_Words,coloured
Bad_Words,redlight
Bad_Words,blacks
Bad_Words,orga
Bad_Words,bumblefuck
Bad_Words,mams
Bad_Words,slavedriver
Bad_Words,killing
Bad_Words,uptheass
Bad_Words,bestial
Bad_Words,sweetness
Bad_Words,heeb
Bad_Words,piccaninny
Bad_Words,pot
Bad_Words,honk
Bad_Words,jizjuice
Bad_Words,fuc
Bad_Words,nignog
Bad_Words,mgger
Bad_Words,sexing
Bad_Words,virginbreaker
Bad_Words,samckdaddy
Bad_Words,masterblaster
Bad_Words,heterosexual
Bad_Words,jigger 
Bad_Words,blowjob
Bad_Words,lovegun
Bad_Words,shitstain
Bad_Words,spank
Bad_Words,hiv
Bad_Words,lesbain
Bad_Words,mad
Bad_Words,sniggers
Bad_Words,jizm 
Bad_Words,testicle
Bad_Words,ball sucking
Bad_Words,dragqween
Bad_Words,guro
Bad_Words,pubic
Bad_Words,titfuckin
Bad_Words,moneyshot
Bad_Words,camslut
Bad_Words,bountybar
Bad_Words,assklown
Bad_Words,cocky
Bad_Words,transsexual
Bad_Words,unfuckable
Bad_Words,bestiality
Bad_Words,cocklicker
