2 girls 1 cup,Gibberish
 2g1c,Gibberish
 4r5e,Gibberish
 5h1t,Gibberish
 5hit,Gibberish
 a$$,Gibberish
 a$$hole,Gibberish
 a_s_s,Gibberish
 a2m,Gibberish
 a54,Gibberish
 a55,Gibberish
 a55hole,Gibberish
 acrotomophilia,Gibberish
 aeolus,Gibberish
 ahole,Gibberish
 alabama hot pocket,Gibberish
 alaskan pipeline,Gibberish
 anal,Gibberish
 anal impaler,Gibberish
 anal leakage,Gibberish
 analprobe,Gibberish
 anilingus,Gibberish
 anus,Gibberish
 apeshit,Gibberish
 ar5e,Gibberish
 areola,Gibberish
 areole,Gibberish
 arian,Gibberish
 arrse,Gibberish
 arse,Gibberish
 arsehole,Gibberish
 aryan,Gibberish
 ass,Gibberish
 ass fuck,Gibberish
 ass fuck,Gibberish
 ass hole,Gibberish
 assbag,Gibberish
 assbandit,Gibberish
 assbang,Gibberish
 assbanged,Gibberish
 assbanger,Gibberish
 assbangs,Gibberish
 assbite,Gibberish
 assclown,Gibberish
 asscock,Gibberish
 asscracker,Gibberish
 asses,Gibberish
 assface,Gibberish
 assfaces,Gibberish
 assfuck,Gibberish
 assfucker,Gibberish
 ass-fucker,Gibberish
 assfukka,Gibberish
 assgoblin,Gibberish
 assh0le,Gibberish
 asshat,Gibberish
 ass-hat,Gibberish
 asshead,Gibberish
 assho1e,Gibberish
 asshole,Gibberish
 assholes,Gibberish
 asshopper,Gibberish
 ass-jabber,Gibberish
 assjacker,Gibberish
 asslick,Gibberish
 asslicker,Gibberish
 assmaster,Gibberish
 assmonkey,Gibberish
 assmucus,Gibberish
 assmucus,Gibberish
 assmunch,Gibberish
 assmuncher,Gibberish
 assnigger,Gibberish
 asspirate,Gibberish
 ass-pirate,Gibberish
 assshit,Gibberish
 assshole,Gibberish
 asssucker,Gibberish
 asswad,Gibberish
 asswhole,Gibberish
 asswipe,Gibberish
 asswipes,Gibberish
 auto erotic,Gibberish
 autoerotic,Gibberish
 axwound,Gibberish
 azazel,Gibberish
 azz,Gibberish
 b!tch,Gibberish
 b00bs,Gibberish
 b17ch,Gibberish
 b1tch,Gibberish
 babeland,Gibberish
 baby batter,Gibberish
 baby juice,Gibberish
 ball gag,Gibberish
 ball gravy,Gibberish
 ball kicking,Gibberish
 ball licking,Gibberish
 ball sack,Gibberish
 ball sucking,Gibberish
 ballbag,Gibberish
 balls,Gibberish
 ballsack,Gibberish
 bampot,Gibberish
 bang (one's) box,Gibberish
 bangbros,Gibberish
 bareback,Gibberish
 barely legal,Gibberish
 barenaked,Gibberish
 barf,Gibberish
 bastard,Gibberish
 bastardo,Gibberish
 bastards,Gibberish
 bastinado,Gibberish
 batty boy,Gibberish
 bawdy,Gibberish
 bbw,Gibberish
 bdsm,Gibberish
 beaner,Gibberish
 beaners,Gibberish
 beardedclam,Gibberish
 beastial,Gibberish
 beastiality,Gibberish
 beatch,Gibberish
 beaver,Gibberish
 beaver cleaver,Gibberish
 beaver lips,Gibberish
 beef curtain,Gibberish
 beef curtain,Gibberish
 beef curtains,Gibberish
 beeyotch,Gibberish
 bellend,Gibberish
 bender,Gibberish
 beotch,Gibberish
 bescumber,Gibberish
 bestial,Gibberish
 bestiality,Gibberish
 bi+ch,Gibberish
 biatch,Gibberish
 big black,Gibberish
 big breasts,Gibberish
 big knockers,Gibberish
 big tits,Gibberish
 bigtits,Gibberish
 bimbo,Gibberish
 bimbos,Gibberish
 bint,Gibberish
 birdlock,Gibberish
 bitch,Gibberish
 bitch tit,Gibberish
 bitch tit,Gibberish
 bitchass,Gibberish
 bitched,Gibberish
 bitcher,Gibberish
 bitchers,Gibberish
 bitches,Gibberish
 bitchin,Gibberish
 bitching,Gibberish
 bitchtits,Gibberish
 bitchy,Gibberish
 black cock,Gibberish
 blonde action,Gibberish
 blonde on blonde action,Gibberish
 bloodclaat,Gibberish
 bloody,Gibberish
 bloody hell,Gibberish
 blow job,Gibberish
 blow me,Gibberish
 blow mud,Gibberish
 blow your load,Gibberish
 blowjob,Gibberish
 blowjobs,Gibberish
 blue waffle,Gibberish
 blue waffle,Gibberish
 blumpkin,Gibberish
 blumpkin,Gibberish
 bod,Gibberish
 bodily,Gibberish
 boink,Gibberish
 boiolas,Gibberish
 bollock,Gibberish
 bollocks,Gibberish
 bollok,Gibberish
 bollox,Gibberish
 bondage,Gibberish
 boned,Gibberish
 boner,Gibberish
 boners,Gibberish
 bong,Gibberish
 boob,Gibberish
 boobies,Gibberish
 boobs,Gibberish
 booby,Gibberish
 booger,Gibberish
 bookie,Gibberish
 boong,Gibberish
 booobs,Gibberish
 boooobs,Gibberish
 booooobs,Gibberish
 booooooobs,Gibberish
 bootee,Gibberish
 bootie,Gibberish
 booty,Gibberish
 booty call,Gibberish
 booze,Gibberish
 boozer,Gibberish
 boozy,Gibberish
 bosom,Gibberish
 bosomy,Gibberish
 breasts,Gibberish
 Breeder,Gibberish
 brotherfucker,Gibberish
 brown showers,Gibberish
 brunette action,Gibberish
 buceta,Gibberish
 bugger,Gibberish
 bukkake,Gibberish
 bull shit,Gibberish
 bulldyke,Gibberish
 bullet vibe,Gibberish
 bullshit,Gibberish
 bullshits,Gibberish
 bullshitted,Gibberish
 bullturds,Gibberish
 bum,Gibberish
 bum boy,Gibberish
 bumblefuck,Gibberish
 bumclat,Gibberish
 bummer,Gibberish
 buncombe,Gibberish
 bung,Gibberish
 bung hole,Gibberish
 bunghole,Gibberish
 bunny fucker,Gibberish
 bust a load,Gibberish
 bust a load,Gibberish
 busty,Gibberish
 butt,Gibberish
 butt fuck,Gibberish
 butt fuck,Gibberish
 butt plug,Gibberish
 buttcheeks,Gibberish
 buttfuck,Gibberish
 buttfucka,Gibberish
 buttfucker,Gibberish
 butthole,Gibberish
 buttmuch,Gibberish
 buttmunch,Gibberish
 butt-pirate,Gibberish
 buttplug,Gibberish
 c.0.c.k,Gibberish
 c.o.c.k.,Gibberish
 c.u.n.t,Gibberish
 c0ck,Gibberish
 c-0-c-k,Gibberish
 c0cksucker,Gibberish
 caca,Gibberish
 cacafuego,Gibberish
 cahone,Gibberish
 camel toe,Gibberish
 cameltoe,Gibberish
 camgirl,Gibberish
 camslut,Gibberish
 camwhore,Gibberish
 carpet muncher,Gibberish
 carpetmuncher,Gibberish
 cawk,Gibberish
 cervix,Gibberish
 chesticle,Gibberish
 chi-chi man,Gibberish
 chick with a dick,Gibberish
 child-fucker,Gibberish
 chinc,Gibberish
 chincs,Gibberish
 chink,Gibberish
 chinky,Gibberish
 choad,Gibberish
 choade,Gibberish
 choade,Gibberish
 choc ice,Gibberish
 chocolate rosebuds,Gibberish
 chode,Gibberish
 chodes,Gibberish
 chota bags,Gibberish
 chota bags,Gibberish
 cipa,Gibberish
 circlejerk,Gibberish
 cl1t,Gibberish
 cleveland steamer,Gibberish
 climax,Gibberish
 clit,Gibberish
 clit licker,Gibberish
 clit licker,Gibberish
 clitface,Gibberish
 clitfuck,Gibberish
 clitoris,Gibberish
 clitorus,Gibberish
 clits,Gibberish
 clitty,Gibberish
 clitty litter,Gibberish
 clitty litter,Gibberish
 clover clamps,Gibberish
 clunge,Gibberish
 clusterfuck,Gibberish
 cnut,Gibberish
 cocain,Gibberish
 cocaine,Gibberish
 coccydynia,Gibberish
 cock,Gibberish
 c-o-c-k,Gibberish
 cock pocket,Gibberish
 cock pocket,Gibberish
 cock snot,Gibberish
 cock snot,Gibberish
 cock sucker,Gibberish
 cockass,Gibberish
 cockbite,Gibberish
 cockblock,Gibberish
 cockburger,Gibberish
 cockeye,Gibberish
 cockface,Gibberish
 cockfucker,Gibberish
 cockhead,Gibberish
 cockholster,Gibberish
 cockjockey,Gibberish
 cockknocker,Gibberish
 cockknoker,Gibberish
 Cocklump,Gibberish
 cockmaster,Gibberish
 cockmongler,Gibberish
 cockmongruel,Gibberish
 cockmonkey,Gibberish
 cockmunch,Gibberish
 cockmuncher,Gibberish
 cocknose,Gibberish
 cocknugget,Gibberish
 cocks,Gibberish
 cockshit,Gibberish
 cocksmith,Gibberish
 cocksmoke,Gibberish
 cocksmoker,Gibberish
 cocksniffer,Gibberish
 cocksuck,Gibberish
 cocksuck,Gibberish
 cocksucked,Gibberish
 cocksucked,Gibberish
 cocksucker,Gibberish
 cock-sucker,Gibberish
 cocksuckers,Gibberish
 cocksucking,Gibberish
 cocksucks,Gibberish
 cocksucks,Gibberish
 cocksuka,Gibberish
 cocksukka,Gibberish
 cockwaffle,Gibberish
 coffin dodger,Gibberish
 coital,Gibberish
 cok,Gibberish
 cokmuncher,Gibberish
 coksucka,Gibberish
 commie,Gibberish
 condom,Gibberish
 coochie,Gibberish
 coochy,Gibberish
 coon,Gibberish
 coonnass,Gibberish
 coons,Gibberish
 cooter,Gibberish
 cop some wood,Gibberish
 cop some wood,Gibberish
 coprolagnia,Gibberish
 coprophilia,Gibberish
 corksucker,Gibberish
 cornhole,Gibberish
 cornhole,Gibberish
 corp whore,Gibberish
 corp whore,Gibberish
 corpulent,Gibberish
 cox,Gibberish
 crabs,Gibberish
 crack,Gibberish
 cracker,Gibberish
 crackwhore,Gibberish
 crap,Gibberish
 crappy,Gibberish
 creampie,Gibberish
 cretin,Gibberish
 crikey,Gibberish
 cripple,Gibberish
 crotte,Gibberish
 cum,Gibberish
 cum chugger,Gibberish
 cum chugger,Gibberish
 cum dumpster,Gibberish
 cum dumpster,Gibberish
 cum freak,Gibberish
 cum freak,Gibberish
 cum guzzler,Gibberish
 cum guzzler,Gibberish
 cumbubble,Gibberish
 cumdump,Gibberish
 cumdump,Gibberish
 cumdumpster,Gibberish
 cumguzzler,Gibberish
 cumjockey,Gibberish
 cummer,Gibberish
 cummin,Gibberish
 cumming,Gibberish
 cums,Gibberish
 cumshot,Gibberish
 cumshots,Gibberish
 cumslut,Gibberish
 cumstain,Gibberish
 cumtart,Gibberish
 cunilingus,Gibberish
 cunillingus,Gibberish
 cunnie,Gibberish
 cunnilingus,Gibberish
 cunny,Gibberish
 cunt,Gibberish
 c-u-n-t,Gibberish
 cunt hair,Gibberish
 cunt hair,Gibberish
 cuntass,Gibberish
 cuntbag,Gibberish
 cuntbag,Gibberish
 cuntface,Gibberish
 cunthole,Gibberish
 cunthunter,Gibberish
 cuntlick,Gibberish
 cuntlick,Gibberish
 cuntlicker,Gibberish
 cuntlicker,Gibberish
 cuntlicking,Gibberish
 cuntlicking,Gibberish
 cuntrag,Gibberish
 cunts,Gibberish
 cuntsicle,Gibberish
 cuntsicle,Gibberish
 cuntslut,Gibberish
 cunt-struck,Gibberish
 cunt-struck,Gibberish
 cus,Gibberish
 cut rope,Gibberish
 cut rope,Gibberish
 cyalis,Gibberish
 cyberfuc,Gibberish
 cyberfuck,Gibberish
 cyberfuck,Gibberish
 cyberfucked,Gibberish
 cyberfucked,Gibberish
 cyberfucker,Gibberish
 cyberfuckers,Gibberish
 cyberfucking,Gibberish
 cyberfucking,Gibberish
 d0ng,Gibberish
 d0uch3,Gibberish
 d0uche,Gibberish
 d1ck,Gibberish
 d1ld0,Gibberish
 d1ldo,Gibberish
 dago,Gibberish
 dagos,Gibberish
 dammit,Gibberish
 damn,Gibberish
 damned,Gibberish
 damnit,Gibberish
 darkie,Gibberish
 darn,Gibberish
 date rape,Gibberish
 daterape,Gibberish
 dawgie-style,Gibberish
 deep throat,Gibberish
 deepthroat,Gibberish
 deggo,Gibberish
 dendrophilia,Gibberish
 dick,Gibberish
 dick head,Gibberish
 dick hole,Gibberish
 dick hole,Gibberish
 dick shy,Gibberish
 dick shy,Gibberish
 dickbag,Gibberish
 dickbeaters,Gibberish
 dickdipper,Gibberish
 dickface,Gibberish
 dickflipper,Gibberish
 dickfuck,Gibberish
 dickfucker,Gibberish
 dickhead,Gibberish
 dickheads,Gibberish
 dickhole,Gibberish
 dickish,Gibberish
 dick-ish,Gibberish
 dickjuice,Gibberish
 dickmilk,Gibberish
 dickmonger,Gibberish
 dickripper,Gibberish
 dicks,Gibberish
 dicksipper,Gibberish
 dickslap,Gibberish
 dick-sneeze,Gibberish
 dicksucker,Gibberish
 dicksucking,Gibberish
 dicktickler,Gibberish
 dickwad,Gibberish
 dickweasel,Gibberish
 dickweed,Gibberish
 dickwhipper,Gibberish
 dickwod,Gibberish
 dickzipper,Gibberish
 diddle,Gibberish
 dike,Gibberish
 dildo,Gibberish
 dildos,Gibberish
 diligaf,Gibberish
 dillweed,Gibberish
 dimwit,Gibberish
 dingle,Gibberish
 dingleberries,Gibberish
 dingleberry,Gibberish
 dink,Gibberish
 dinks,Gibberish
 dipship,Gibberish
 dipshit,Gibberish
 dirsa,Gibberish
 dirty,Gibberish
 dirty pillows,Gibberish
 dirty sanchez,Gibberish
 dirty Sanchez,Gibberish
 div,Gibberish
 dlck,Gibberish
 dog style,Gibberish
 dog-fucker,Gibberish
 doggie style,Gibberish
 doggiestyle,Gibberish
 doggie-style,Gibberish
 doggin,Gibberish
 dogging,Gibberish
 doggy style,Gibberish
 doggystyle,Gibberish
 doggy-style,Gibberish
 dolcett,Gibberish
 domination,Gibberish
 dominatrix,Gibberish
 dommes,Gibberish
 dong,Gibberish
 donkey punch,Gibberish
 donkeypunch,Gibberish
 donkeyribber,Gibberish
 doochbag,Gibberish
 doofus,Gibberish
 dookie,Gibberish
 doosh,Gibberish
 dopey,Gibberish
 double dong,Gibberish
 double penetration,Gibberish
 Doublelift,Gibberish
 douch3,Gibberish
 douche,Gibberish
 douchebag,Gibberish
 douchebags,Gibberish
 douche-fag,Gibberish
 douchewaffle,Gibberish
 douchey,Gibberish
 dp action,Gibberish
 drunk,Gibberish
 dry hump,Gibberish
 duche,Gibberish
 dumass,Gibberish
 dumb ass,Gibberish
 dumbass,Gibberish
 dumbasses,Gibberish
 Dumbcunt,Gibberish
 dumbfuck,Gibberish
 dumbshit,Gibberish
 dummy,Gibberish
 dumshit,Gibberish
 dvda,Gibberish
 dyke,Gibberish
 dykes,Gibberish
 eat a dick,Gibberish
 eat a dick,Gibberish
 eat hair pie,Gibberish
 eat hair pie,Gibberish
 eat my ass,Gibberish
 ecchi,Gibberish
 ejaculate,Gibberish
 ejaculated,Gibberish
 ejaculates,Gibberish
 ejaculates,Gibberish
 ejaculating,Gibberish
 ejaculating,Gibberish
 ejaculatings,Gibberish
 ejaculation,Gibberish
 ejakulate,Gibberish
 erect,Gibberish
 erection,Gibberish
 erotic,Gibberish
 erotism,Gibberish
 escort,Gibberish
 essohbee,Gibberish
 eunuch,Gibberish
 extacy,Gibberish
 extasy,Gibberish
 f u c k,Gibberish
 f u c k e r,Gibberish
 f.u.c.k,Gibberish
 f_u_c_k,Gibberish
 f4nny,Gibberish
 facial,Gibberish
 fack,Gibberish
 fag,Gibberish
 fagbag,Gibberish
 fagfucker,Gibberish
 fagg,Gibberish
 fagged,Gibberish
 fagging,Gibberish
 faggit,Gibberish
 faggitt,Gibberish
 faggot,Gibberish
 faggotcock,Gibberish
 faggots,Gibberish
 faggs,Gibberish
 fagot,Gibberish
 fagots,Gibberish
 fags,Gibberish
 fagtard,Gibberish
 faig,Gibberish
 faigt,Gibberish
 fanny,Gibberish
 fannybandit,Gibberish
 fannyflaps,Gibberish
 fannyfucker,Gibberish
 fanyy,Gibberish
 fart,Gibberish
 fartknocker,Gibberish
 fatass,Gibberish
 fcuk,Gibberish
 fcuker,Gibberish
 fcuking,Gibberish
 fecal,Gibberish
 feck,Gibberish
 fecker,Gibberish
 feist,Gibberish
 felch,Gibberish
 felcher,Gibberish
 felching,Gibberish
 fellate,Gibberish
 fellatio,Gibberish
 feltch,Gibberish
 feltcher,Gibberish
 female squirting,Gibberish
 femdom,Gibberish
 fenian,Gibberish
 fice,Gibberish
 figging,Gibberish
 fingerbang,Gibberish
 fingerfuck,Gibberish
 fingerfuck,Gibberish
 fingerfucked,Gibberish
 fingerfucked,Gibberish
 fingerfucker,Gibberish
 fingerfucker,Gibberish
 fingerfuckers,Gibberish
 fingerfucking,Gibberish
 fingerfucking,Gibberish
 fingerfucks,Gibberish
 fingerfucks,Gibberish
 fingering,Gibberish
 fist fuck,Gibberish
 fist fuck,Gibberish
 fisted,Gibberish
 fistfuck,Gibberish
 fistfucked,Gibberish
 fistfucked,Gibberish
 fistfucker,Gibberish
 fistfucker,Gibberish
 fistfuckers,Gibberish
 fistfuckers,Gibberish
 fistfucking,Gibberish
 fistfucking,Gibberish
 fistfuckings,Gibberish
 fistfuckings,Gibberish
 fistfucks,Gibberish
 fistfucks,Gibberish
 fisting,Gibberish
 fisty,Gibberish
 flamer,Gibberish
 flange,Gibberish
 flaps,Gibberish
 fleshflute,Gibberish
 flog the log,Gibberish
 flog the log,Gibberish
 floozy,Gibberish
 foad,Gibberish
 foah,Gibberish
 fondle,Gibberish
 foobar,Gibberish
 fook,Gibberish
 fooker,Gibberish
 foot fetish,Gibberish
 footjob,Gibberish
 foreskin,Gibberish
 freex,Gibberish
 frenchify,Gibberish
 frigg,Gibberish
 frigga,Gibberish
 frotting,Gibberish
 fubar,Gibberish
 fuc,Gibberish
 fuck,Gibberish
 fuck,Gibberish
 f-u-c-k,Gibberish
 fuck buttons,Gibberish
 fuck hole,Gibberish
 fuck hole,Gibberish
 Fuck off,Gibberish
 fuck puppet,Gibberish
 fuck puppet,Gibberish
 fuck trophy,Gibberish
 fuck trophy,Gibberish
 fuck yo mama,Gibberish
 fuck yo mama,Gibberish
 fuck you,Gibberish
 fucka,Gibberish
 fuckass,Gibberish
 fuck-ass,Gibberish
 fuck-ass,Gibberish
 fuckbag,Gibberish
 fuck-bitch,Gibberish
 fuck-bitch,Gibberish
 fuckboy,Gibberish
 fuckbrain,Gibberish
 fuckbutt,Gibberish
 fuckbutter,Gibberish
 fucked,Gibberish
 fuckedup,Gibberish
 fucker,Gibberish
 fuckers,Gibberish
 fuckersucker,Gibberish
 fuckface,Gibberish
 fuckhead,Gibberish
 fuckheads,Gibberish
 fuckhole,Gibberish
 fuckin,Gibberish
 fucking,Gibberish
 fuckings,Gibberish
 fuckingshitmotherfucker,Gibberish
 fuckme,Gibberish
 fuckme,Gibberish
 fuckmeat,Gibberish
 fuckmeat,Gibberish
 fucknugget,Gibberish
 fucknut,Gibberish
 fucknutt,Gibberish
 fuckoff,Gibberish
 fucks,Gibberish
 fuckstick,Gibberish
 fucktard,Gibberish
 fuck-tard,Gibberish
 fucktards,Gibberish
 fucktart,Gibberish
 fucktoy,Gibberish
 fucktoy,Gibberish
 fucktwat,Gibberish
 fuckup,Gibberish
 fuckwad,Gibberish
 fuckwhit,Gibberish
 fuckwit,Gibberish
 fuckwitt,Gibberish
 fudge packer,Gibberish
 fudgepacker,Gibberish
 fudge-packer,Gibberish
 fuk,Gibberish
 fuker,Gibberish
 fukker,Gibberish
 fukkers,Gibberish
 fukkin,Gibberish
 fuks,Gibberish
 fukwhit,Gibberish
 fukwit,Gibberish
 fuq,Gibberish
 futanari,Gibberish
 fux,Gibberish
 fux0r,Gibberish
 fvck,Gibberish
 fxck,Gibberish
 gae,Gibberish
 gai,Gibberish
 gang bang,Gibberish
 gangbang,Gibberish
 gang-bang,Gibberish
 gang-bang,Gibberish
 gangbanged,Gibberish
 gangbangs,Gibberish
 ganja,Gibberish
 gash,Gibberish
 gassy ass,Gibberish
 gassy ass,Gibberish
 gay,Gibberish
 gay sex,Gibberish
 gayass,Gibberish
 gaybob,Gibberish
 gaydo,Gibberish
 gayfuck,Gibberish
 gayfuckist,Gibberish
 gaylord,Gibberish
 gays,Gibberish
 gaysex,Gibberish
 gaytard,Gibberish
 gaywad,Gibberish
 gender bender,Gibberish
 genitals,Gibberish
 gey,Gibberish
 gfy,Gibberish
 ghay,Gibberish
 ghey,Gibberish
 giant cock,Gibberish
 gigolo,Gibberish
 ginger,Gibberish
 gippo,Gibberish
 girl on,Gibberish
 girl on top,Gibberish
 girls gone wild,Gibberish
 git,Gibberish
 glans,Gibberish
 goatcx,Gibberish
 goatse,Gibberish
 god,Gibberish
 god damn,Gibberish
 godamn,Gibberish
 godamnit,Gibberish
 goddam,Gibberish
 god-dam,Gibberish
 goddammit,Gibberish
 goddamn,Gibberish
 goddamned,Gibberish
 god-damned,Gibberish
 goddamnit,Gibberish
 godsdamn,Gibberish
 gokkun,Gibberish
 golden shower,Gibberish
 goldenshower,Gibberish
 golliwog,Gibberish
 gonad,Gibberish
 gonads,Gibberish
 goo girl,Gibberish
 gooch,Gibberish
 goodpoop,Gibberish
 gook,Gibberish
 gooks,Gibberish
 goregasm,Gibberish
 gringo,Gibberish
 grope,Gibberish
 group sex,Gibberish
 gspot,Gibberish
 g-spot,Gibberish
 gtfo,Gibberish
 guido,Gibberish
 guro,Gibberish
 h0m0,Gibberish
 h0mo,Gibberish
 ham flap,Gibberish
 ham flap,Gibberish
 hand job,Gibberish
 handjob,Gibberish
 hard core,Gibberish
 hard on,Gibberish
 hardcore,Gibberish
 hardcoresex,Gibberish
 he11,Gibberish
 hebe,Gibberish
 heeb,Gibberish
 hell,Gibberish
 hemp,Gibberish
 hentai,Gibberish
 heroin,Gibberish
 herp,Gibberish
 herpes,Gibberish
 herpy,Gibberish
 heshe,Gibberish
 he-she,Gibberish
 hircismus,Gibberish
 hitler,Gibberish
 hiv,Gibberish
 ho,Gibberish
 hoar,Gibberish
 hoare,Gibberish
 hobag,Gibberish
 hoe,Gibberish
 hoer,Gibberish
 holy shit,Gibberish
 hom0,Gibberish
 homey,Gibberish
 homo,Gibberish
 homodumbshit,Gibberish
 homoerotic,Gibberish
 homoey,Gibberish
 honkey,Gibberish
 honky,Gibberish
 hooch,Gibberish
 hookah,Gibberish
 hooker,Gibberish
 hoor,Gibberish
 hootch,Gibberish
 hooter,Gibberish
 hooters,Gibberish
 hore,Gibberish
 horniest,Gibberish
 horny,Gibberish
 hot carl,Gibberish
 hot chick,Gibberish
 hotsex,Gibberish
 how to kill,Gibberish
 how to murdep,Gibberish
 how to murder,Gibberish
 huge fat,Gibberish
 hump,Gibberish
 humped,Gibberish
 humping,Gibberish
 hun,Gibberish
 hussy,Gibberish
 hymen,Gibberish
 iap,Gibberish
 iberian slap,Gibberish
 inbred,Gibberish
 incest,Gibberish
 injun,Gibberish
 intercourse,Gibberish
 jack off,Gibberish
 jackass,Gibberish
 jackasses,Gibberish
 jackhole,Gibberish
 jackoff,Gibberish
 jack-off,Gibberish
 jaggi,Gibberish
 jagoff,Gibberish
 jail bait,Gibberish
 jailbait,Gibberish
 jap,Gibberish
 japs,Gibberish
 jelly donut,Gibberish
 jerk,Gibberish
 jerk off,Gibberish
 jerk0ff,Gibberish
 jerkass,Gibberish
 jerked,Gibberish
 jerkoff,Gibberish
 jerk-off,Gibberish
 jigaboo,Gibberish
 jiggaboo,Gibberish
 jiggerboo,Gibberish
 jism,Gibberish
 jiz,Gibberish
 jiz,Gibberish
 jizm,Gibberish
 jizm,Gibberish
 jizz,Gibberish
 jizzed,Gibberish
 jock,Gibberish
 juggs,Gibberish
 jungle bunny,Gibberish
 junglebunny,Gibberish
 junkie,Gibberish
 junky,Gibberish
 kafir,Gibberish
 kawk,Gibberish
 kike,Gibberish
 kikes,Gibberish
 kill,Gibberish
 kinbaku,Gibberish
 kinkster,Gibberish
 kinky,Gibberish
 klan,Gibberish
 knob,Gibberish
 knob end,Gibberish
 knobbing,Gibberish
 knobead,Gibberish
 knobed,Gibberish
 knobend,Gibberish
 knobhead,Gibberish
 knobjocky,Gibberish
 knobjokey,Gibberish
 kock,Gibberish
 kondum,Gibberish
 kondums,Gibberish
 kooch,Gibberish
 kooches,Gibberish
 kootch,Gibberish
 kraut,Gibberish
 kum,Gibberish
 kummer,Gibberish
 kumming,Gibberish
 kums,Gibberish
 kunilingus,Gibberish
 kunja,Gibberish
 kunt,Gibberish
 kwif,Gibberish
 kwif,Gibberish
 kyke,Gibberish
 l3i+ch,Gibberish
 l3itch,Gibberish
 labia,Gibberish
 lameass,Gibberish
 lardass,Gibberish
 leather restraint,Gibberish
 leather straight jacket,Gibberish
 lech,Gibberish
 lemon party,Gibberish
 LEN,Gibberish
 leper,Gibberish
 lesbian,Gibberish
 lesbians,Gibberish
 lesbo,Gibberish
 lesbos,Gibberish
 lez,Gibberish
 lezza/lesbo,Gibberish
 lezzie,Gibberish
 lmao,Gibberish
 lmfao,Gibberish
 loin,Gibberish
 loins,Gibberish
 lolita,Gibberish
 looney,Gibberish
 lovemaking,Gibberish
 lube,Gibberish
 lust,Gibberish
 lusting,Gibberish
 lusty,Gibberish
 m0f0,Gibberish
 m0fo,Gibberish
 m45terbate,Gibberish
 ma5terb8,Gibberish
 ma5terbate,Gibberish
 mafugly,Gibberish
 mafugly,Gibberish
 make me come,Gibberish
 male squirting,Gibberish
 mams,Gibberish
 masochist,Gibberish
 massa,Gibberish
 masterb8,Gibberish
 masterbat*,Gibberish
 masterbat3,Gibberish
 masterbate,Gibberish
 master-bate,Gibberish
 master-bate,Gibberish
 masterbating,Gibberish
 masterbation,Gibberish
 masterbations,Gibberish
 masturbate,Gibberish
 masturbating,Gibberish
 masturbation,Gibberish
 maxi,Gibberish
 mcfagget,Gibberish
 menage a trois,Gibberish
 menses,Gibberish
 menstruate,Gibberish
 menstruation,Gibberish
 meth,Gibberish
 m-fucking,Gibberish
 mick,Gibberish
 microphallus,Gibberish
 middle finger,Gibberish
 midget,Gibberish
 milf,Gibberish
 minge,Gibberish
 minger,Gibberish
 missionary position,Gibberish
 mof0,Gibberish
 mofo,Gibberish
 mo-fo,Gibberish
 molest,Gibberish
 mong,Gibberish
 moo moo foo foo,Gibberish
 moolie,Gibberish
 moron,Gibberish
 mothafuck,Gibberish
 mothafucka,Gibberish
 mothafuckas,Gibberish
 mothafuckaz,Gibberish
 mothafucked,Gibberish
 mothafucked,Gibberish
 mothafucker,Gibberish
 mothafuckers,Gibberish
 mothafuckin,Gibberish
 mothafucking,Gibberish
 mothafucking,Gibberish
 mothafuckings,Gibberish
 mothafucks,Gibberish
 mother fucker,Gibberish
 mother fucker,Gibberish
 motherfuck,Gibberish
 motherfucka,Gibberish
 motherfucked,Gibberish
 motherfucker,Gibberish
 motherfuckers,Gibberish
 motherfuckin,Gibberish
 motherfucking,Gibberish
 motherfuckings,Gibberish
 motherfuckka,Gibberish
 motherfucks,Gibberish
 mound of venus,Gibberish
 mr hands,Gibberish
 muff,Gibberish
 muff diver,Gibberish
 muff puff,Gibberish
 muff puff,Gibberish
 muffdiver,Gibberish
 muffdiving,Gibberish
 munging,Gibberish
 munter,Gibberish
 murder,Gibberish
 mutha,Gibberish
 muthafecker,Gibberish
 muthafuckker,Gibberish
 muther,Gibberish
 mutherfucker,Gibberish
 n1gga,Gibberish
 n1gger,Gibberish
 naked,Gibberish
 nambla,Gibberish
 napalm,Gibberish
 nappy,Gibberish
 nawashi,Gibberish
 nazi,Gibberish
 nazism,Gibberish
 need the dick,Gibberish
 need the dick,Gibberish
 negro,Gibberish
 neonazi,Gibberish
 nig nog,Gibberish
 nigaboo,Gibberish
 nigg3r,Gibberish
 nigg4h,Gibberish
 nigga,Gibberish
 niggah,Gibberish
 niggas,Gibberish
 niggaz,Gibberish
 nigger,Gibberish
 niggers,Gibberish
 niggle,Gibberish
 niglet,Gibberish
 nig-nog,Gibberish
 nimphomania,Gibberish
 nimrod,Gibberish
 ninny,Gibberish
 ninnyhammer,Gibberish
 nipple,Gibberish
 nipples,Gibberish
 nob,Gibberish
 nob jokey,Gibberish
 nobhead,Gibberish
 nobjocky,Gibberish
 nobjokey,Gibberish
 nonce,Gibberish
 nsfw images,Gibberish
 nude,Gibberish
 nudity,Gibberish
 numbnuts,Gibberish
 nut butter,Gibberish
 nut butter,Gibberish
 nut sack,Gibberish
 nutsack,Gibberish
 nutter,Gibberish
 nympho,Gibberish
 nymphomania,Gibberish
 octopussy,Gibberish
 old bag,Gibberish
 omg,Gibberish
 omorashi,Gibberish
 one cup two girls,Gibberish
 one guy one jar,Gibberish
 opiate,Gibberish
 opium,Gibberish
 orally,Gibberish
 organ,Gibberish
 orgasim,Gibberish
 orgasims,Gibberish
 orgasm,Gibberish
 orgasmic,Gibberish
 orgasms,Gibberish
 orgies,Gibberish
 orgy,Gibberish
 ovary,Gibberish
 ovum,Gibberish
 ovums,Gibberish
 p.u.s.s.y.,Gibberish
 p0rn,Gibberish
 paedophile,Gibberish
 paki,Gibberish
 panooch,Gibberish
 pansy,Gibberish
 pantie,Gibberish
 panties,Gibberish
 panty,Gibberish
 pawn,Gibberish
 pcp,Gibberish
 pecker,Gibberish
 peckerhead,Gibberish
 pedo,Gibberish
 pedobear,Gibberish
 pedophile,Gibberish
 pedophilia,Gibberish
 pedophiliac,Gibberish
 pee,Gibberish
 peepee,Gibberish
 pegging,Gibberish
 penetrate,Gibberish
 penetration,Gibberish
 penial,Gibberish
 penile,Gibberish
 penis,Gibberish
 penisbanger,Gibberish
 penisfucker,Gibberish
 penispuffer,Gibberish
 perversion,Gibberish
 phallic,Gibberish
 phone sex,Gibberish
 phonesex,Gibberish
 phuck,Gibberish
 phuk,Gibberish
 phuked,Gibberish
 phuking,Gibberish
 phukked,Gibberish
 phukking,Gibberish
 phuks,Gibberish
 phuq,Gibberish
 piece of shit,Gibberish
 pigfucker,Gibberish
 pikey,Gibberish
 pillowbiter,Gibberish
 pimp,Gibberish
 pimpis,Gibberish
 pinko,Gibberish
 piss,Gibberish
 piss off,Gibberish
 piss pig,Gibberish
 pissed,Gibberish
 pissed off,Gibberish
 pisser,Gibberish
 pissers,Gibberish
 pisses,Gibberish
 pisses,Gibberish
 pissflaps,Gibberish
 pissin,Gibberish
 pissin,Gibberish
 pissing,Gibberish
 pissoff,Gibberish
 pissoff,Gibberish
 piss-off,Gibberish
 pisspig,Gibberish
 playboy,Gibberish
 pleasure chest,Gibberish
 pms,Gibberish
 polack,Gibberish
 pole smoker,Gibberish
 polesmoker,Gibberish
 pollock,Gibberish
 ponyplay,Gibberish
 poof,Gibberish
 poon,Gibberish
 poonani,Gibberish
 poonany,Gibberish
 poontang,Gibberish
 poop,Gibberish
 poop chute,Gibberish
 poopchute,Gibberish
 Poopuncher,Gibberish
 porch monkey,Gibberish
 porchmonkey,Gibberish
 porn,Gibberish
 porno,Gibberish
 pornography,Gibberish
 pornos,Gibberish
 pot,Gibberish
 potty,Gibberish
 prick,Gibberish
 pricks,Gibberish
 prickteaser,Gibberish
 prig,Gibberish
 prince albert piercing,Gibberish
 prod,Gibberish
 pron,Gibberish
 prostitute,Gibberish
 prude,Gibberish
 psycho,Gibberish
 pthc,Gibberish
 pube,Gibberish
 pubes,Gibberish
 pubic,Gibberish
 pubis,Gibberish
 punani,Gibberish
 punanny,Gibberish
 punany,Gibberish
 punkass,Gibberish
 punky,Gibberish
 punta,Gibberish
 puss,Gibberish
 pusse,Gibberish
 pussi,Gibberish
 pussies,Gibberish
 pussy,Gibberish
 pussy fart,Gibberish
 pussy fart,Gibberish
 pussy palace,Gibberish
 pussy palace,Gibberish
 pussylicking,Gibberish
 pussypounder,Gibberish
 pussys,Gibberish
 pust,Gibberish
 puto,Gibberish
 queaf,Gibberish
 queaf,Gibberish
 queef,Gibberish
 queer,Gibberish
 queerbait,Gibberish
 queerhole,Gibberish
 queero,Gibberish
 queers,Gibberish
 quicky,Gibberish
 quim,Gibberish
 racy,Gibberish
 raghead,Gibberish
 raging boner,Gibberish
 rape,Gibberish
 raped,Gibberish
 raper,Gibberish
 rapey,Gibberish
 raping,Gibberish
 rapist,Gibberish
 raunch,Gibberish
 rectal,Gibberish
 rectum,Gibberish
 rectus,Gibberish
 reefer,Gibberish
 reetard,Gibberish
 reich,Gibberish
 renob,Gibberish
 retard,Gibberish
 retarded,Gibberish
 reverse cowgirl,Gibberish
 revue,Gibberish
 rimjaw,Gibberish
 rimjob,Gibberish
 rimming,Gibberish
 ritard,Gibberish
 rosy palm,Gibberish
 rosy palm and her 5 sisters,Gibberish
 rtard,Gibberish
 r-tard,Gibberish
 rubbish,Gibberish
 rum,Gibberish
 rump,Gibberish
 rumprammer,Gibberish
 ruski,Gibberish
 rusty trombone,Gibberish
 s hit,Gibberish
 s&m,Gibberish
 s.h.i.t.,Gibberish
 s.o.b.,Gibberish
 s_h_i_t,Gibberish
 s0b,Gibberish
 sadism,Gibberish
 sadist,Gibberish
 sambo,Gibberish
 sand nigger,Gibberish
 sandbar,Gibberish
 sandbar,Gibberish
 Sandler,Gibberish
 sandnigger,Gibberish
 sanger,Gibberish
 santorum,Gibberish
 sausage queen,Gibberish
 sausage queen,Gibberish
 scag,Gibberish
 scantily,Gibberish
 scat,Gibberish
 schizo,Gibberish
 schlong,Gibberish
 scissoring,Gibberish
 screw,Gibberish
 screwed,Gibberish
 screwing,Gibberish
 scroat,Gibberish
 scrog,Gibberish
 scrot,Gibberish
 scrote,Gibberish
 scrotum,Gibberish
 scrud,Gibberish
 scum,Gibberish
 seaman,Gibberish
 seamen,Gibberish
 seduce,Gibberish
 seks,Gibberish
 semen,Gibberish
 sex,Gibberish
 sexo,Gibberish
 sexual,Gibberish
 sexy,Gibberish
 sh!+,Gibberish
 sh!t,Gibberish
 sh1t,Gibberish
 s-h-1-t,Gibberish
 shag,Gibberish
 shagger,Gibberish
 shaggin,Gibberish
 shagging,Gibberish
 shamedame,Gibberish
 shaved beaver,Gibberish
 shaved pussy,Gibberish
 shemale,Gibberish
 shi+,Gibberish
 shibari,Gibberish
 shirt lifter,Gibberish
 shit,Gibberish
 s-h-i-t,Gibberish
 shit ass,Gibberish
 shit fucker,Gibberish
 shit fucker,Gibberish
 shitass,Gibberish
 shitbag,Gibberish
 shitbagger,Gibberish
 shitblimp,Gibberish
 shitbrains,Gibberish
 shitbreath,Gibberish
 shitcanned,Gibberish
 shitcunt,Gibberish
 shitdick,Gibberish
 shite,Gibberish
 shiteater,Gibberish
 shited,Gibberish
 shitey,Gibberish
 shitface,Gibberish
 shitfaced,Gibberish
 shitfuck,Gibberish
 shitfull,Gibberish
 shithead,Gibberish
 shitheads,Gibberish
 shithole,Gibberish
 shithouse,Gibberish
 shiting,Gibberish
 shitings,Gibberish
 shits,Gibberish
 shitspitter,Gibberish
 shitstain,Gibberish
 shitt,Gibberish
 shitted,Gibberish
 shitter,Gibberish
 shitters,Gibberish
 shitters,Gibberish
 shittier,Gibberish
 shittiest,Gibberish
 shitting,Gibberish
 shittings,Gibberish
 shitty,Gibberish
 shiz,Gibberish
 shiznit,Gibberish
 shota,Gibberish
 shrimping,Gibberish
 sissy,Gibberish
 skag,Gibberish
 skank,Gibberish
 skeet,Gibberish
 skullfuck,Gibberish
 slag,Gibberish
 slanteye,Gibberish
 slave,Gibberish
 sleaze,Gibberish
 sleazy,Gibberish
 slope,Gibberish
 slope,Gibberish
 slut,Gibberish
 slut bucket,Gibberish
 slut bucket,Gibberish
 slutbag,Gibberish
 slutdumper,Gibberish
 slutkiss,Gibberish
 sluts,Gibberish
 smartass,Gibberish
 smartasses,Gibberish
 smeg,Gibberish
 smegma,Gibberish
 smut,Gibberish
 smutty,Gibberish
 snatch,Gibberish
 sniper,Gibberish
 snowballing,Gibberish
 snuff,Gibberish
 s-o-b,Gibberish
 sod off,Gibberish
 sodom,Gibberish
 sodomize,Gibberish
 sodomy,Gibberish
 son of a bitch,Gibberish
 son of a motherless goat,Gibberish
 son of a whore,Gibberish
 son-of-a-bitch,Gibberish
 souse,Gibberish
 soused,Gibberish
 spac,Gibberish
 spade,Gibberish
 sperm,Gibberish
 spic,Gibberish
 spick,Gibberish
 spik,Gibberish
 spiks,Gibberish
 splooge,Gibberish
 splooge moose,Gibberish
 spooge,Gibberish
 spook,Gibberish
 spread legs,Gibberish
 spunk,Gibberish
 stfu,Gibberish
 stiffy,Gibberish
 stoned,Gibberish
 strap on,Gibberish
 strapon,Gibberish
 strappado,Gibberish
 strip,Gibberish
 strip club,Gibberish
 stroke,Gibberish
 stupid,Gibberish
 style doggy,Gibberish
 suck,Gibberish
 suckass,Gibberish
 sucked,Gibberish
 sucking,Gibberish
 sucks,Gibberish
 suicide girls,Gibberish
 sultry women,Gibberish
 sumofabiatch,Gibberish
 swastika,Gibberish
 swinger,Gibberish
 t1t,Gibberish
 t1tt1e5,Gibberish
 t1tties,Gibberish
 taff,Gibberish
 taig,Gibberish
 tainted love,Gibberish
 taking the piss,Gibberish
 tampon,Gibberish
 tard,Gibberish
 tart,Gibberish
 taste my,Gibberish
 tawdry,Gibberish
 tea bagging,Gibberish
 teabagging,Gibberish
 teat,Gibberish
 teets,Gibberish
 teez,Gibberish
 teste,Gibberish
 testee,Gibberish
 testes,Gibberish
 testical,Gibberish
 testicle,Gibberish
 testis,Gibberish
 threesome,Gibberish
 throating,Gibberish
 thrust,Gibberish
 thug,Gibberish
 thundercunt,Gibberish
 tied up,Gibberish
 tight white,Gibberish
 tinkle,Gibberish
 tit,Gibberish
 tit wank,Gibberish
 tit wank,Gibberish
 titfuck,Gibberish
 titi,Gibberish
 tities,Gibberish
 tits,Gibberish
 titt,Gibberish
 tittie5,Gibberish
 tittiefucker,Gibberish
 titties,Gibberish
 titty,Gibberish
 tittyfuck,Gibberish
 tittyfucker,Gibberish
 tittywank,Gibberish
 titwank,Gibberish
 toke,Gibberish
 tongue in a,Gibberish
 toots,Gibberish
 topless,Gibberish
 tosser,Gibberish
 towelhead,Gibberish
 tramp,Gibberish
 tranny,Gibberish
 transsexual,Gibberish
 trashy,Gibberish
 tribadism,Gibberish
 trumped,Gibberish
 tub girl,Gibberish
 tubgirl,Gibberish
 turd,Gibberish
 tush,Gibberish
 tushy,Gibberish
 tw4t,Gibberish
 twat,Gibberish
 twathead,Gibberish
 twatlips,Gibberish
 twats,Gibberish
 twatty,Gibberish
 twatwaffle,Gibberish
 twink,Gibberish
 twinkie,Gibberish
 two fingers,Gibberish
 two fingers with tongue,Gibberish
 two girls one cup,Gibberish
 twunt,Gibberish
 twunter,Gibberish
 ugly,Gibberish
 unclefucker,Gibberish
 undies,Gibberish
 undressing,Gibberish
 unwed,Gibberish
 upskirt,Gibberish
 urethra play,Gibberish
 urinal,Gibberish
 urine,Gibberish
 urophilia,Gibberish
 uterus,Gibberish
 uzi,Gibberish
 v14gra,Gibberish
 v1gra,Gibberish
 vag,Gibberish
 vagina,Gibberish
 vajayjay,Gibberish
 va-j-j,Gibberish
 valium,Gibberish
 venus mound,Gibberish
 veqtable,Gibberish
 viagra,Gibberish
 vibrator,Gibberish
 violet wand,Gibberish
 virgin,Gibberish
 vixen,Gibberish
 vjayjay,Gibberish
 vodka,Gibberish
 vomit,Gibberish
 vorarephilia,Gibberish
 voyeur,Gibberish
 vulgar,Gibberish
 vulva,Gibberish
 w00se,Gibberish
 wad,Gibberish
 wang,Gibberish
 wank,Gibberish
 wanker,Gibberish
 wankjob,Gibberish
 wanky,Gibberish
 wazoo,Gibberish
 wedgie,Gibberish
 weed,Gibberish
 weenie,Gibberish
 weewee,Gibberish
 weiner,Gibberish
 weirdo,Gibberish
 wench,Gibberish
 wet dream,Gibberish
 wetback,Gibberish
 wh0re,Gibberish
 wh0reface,Gibberish
 white power,Gibberish
 whiz,Gibberish
 whoar,Gibberish
 whoralicious,Gibberish
 whore,Gibberish
 whorealicious,Gibberish
 whorebag,Gibberish
 whored,Gibberish
 whoreface,Gibberish
 whorehopper,Gibberish
 whorehouse,Gibberish
 whores,Gibberish
 whoring,Gibberish
 wigger,Gibberish
 willies,Gibberish
 willy,Gibberish
 window licker,Gibberish
 wiseass,Gibberish
 wiseasses,Gibberish
 wog,Gibberish
 womb,Gibberish
 wop,Gibberish
 wrapping men,Gibberish
 wrinkled starfish,Gibberish
 wtf,Gibberish
 xrated,Gibberish
 x-rated,Gibberish
 xx,Gibberish
 xxx,Gibberish
 yaoi,Gibberish
 yeasty,Gibberish
 yellow showers,Gibberish
 yid,Gibberish
 yiffy,Gibberish
 yobbo,Gibberish
 zibbi,Gibberish
 zoophilia,Gibberish
 zubb,Gibberish
