Hobby,3D printing,
Hobby,Acrobatics,
Hobby,Acting,
Hobby,Amateur radio,
Hobby,Animation,
Hobby,Aquascaping,
Hobby,Baking,
Hobby,Baton twirling,
Hobby,Beatboxing,
Hobby,Board games,
Hobby,Book restoration,
Hobby,Cabaret,
Hobby,Calligraphy,
Hobby,Candle making,
Hobby,Coffee roasting,
Hobby,Collecting,
Hobby,Coloring,
Hobby,Computer programming,
Hobby,Cooking,
Hobby,Cosplaying,
Hobby,Couponing,
Hobby,Creative writing,
Hobby,Crocheting,
Hobby,Cross-stitch,
Hobby,Crossword puzzles,
Hobby,Cryptography,
Hobby,Dance,
Hobby,Digital arts,
Hobby,Do it yourself,
Hobby,Drama,
Hobby,Drawing,
Hobby,Electronics,
Hobby,Embroidery,
Hobby,Fantasy sports,
Hobby,Fashion,
Hobby,Fishkeeping,
Hobby,Flower arranging,
Hobby,Foreign languag learning,
Hobby,Gaming,
Hobby,Genealogy,
Hobby,Glassblowing,
Hobby,Graphic design,
Hobby,Gunsmithing,
Hobby,Herp keeping,
Hobby,Homebrewing,
Hobby,Hydroponics,
Hobby,Ice skating,
Hobby,Jewelry making,
Hobby,Jigsaw puzzles,
Hobby,Juggling,
Hobby,Knife making,
Hobby,Knitting,
Hobby,Kombucha brewing,
Hobby,Lace making,
Hobby,Lapidary,
Hobby,Leather crafting,
Hobby,Lego building,
Hobby,Listening to music,
Hobby,Machining,
Hobby,Macrame,
Hobby,Magic,
Hobby,Metalworking,
Hobby,Model building,
Hobby,Model engineering,
Hobby,Needlepoint,
Hobby,Origami,
Hobby,Painting,
Hobby,Philately,
Hobby,Photography,
Hobby,Playing musical instruments,
Hobby,Poi,
Hobby,Pottery,
Hobby,Puzzles,
Hobby,Quilling,
Hobby,Quilting,
Hobby,Reading,
Hobby,Robot combat,
Hobby,Scrapbooking,
Hobby,Sculpting,
Hobby,Sewing,
Hobby,Singing,
Hobby,Sketching,
Hobby,Soapmaking,
Hobby,Stand-up comedy,
Hobby,Table tennis,
Hobby,Taxidermy,
Hobby,Video game developing,
Hobby,Video gaming,
Hobby,Video editing,
Hobby,Watching movies,
Hobby,Watching television,
Hobby,Whittling,
Hobby,Wood carving,
Hobby,Woodworking,
Hobby,Worldbuilding,
Hobby,Writing,
Hobby,Yo-yoing,
Hobby,Yoga,
Hobby,Air sports,
Hobby,Archery,
Hobby,Astronomy,
Hobby,BASE jumping,
Hobby,Baseball,
Hobby,Basketball,
Hobby,Beekeeping,
Hobby,Bird watching,
Hobby,Blacksmithing,
Hobby,BMX,
Hobby,Board sports,
Hobby,Bodybuilding,
Hobby,jiu-jitsu,
Hobby,Camping,
Hobby,Canoeing,
Hobby,Canyoning,
Hobby,Dowsing,
Hobby,Driving,
Hobby,Fishing,
Hobby,Flag football,
Hobby,Flying,
Hobby,Flying disc,
Hobby,Foraging,
Hobby,Freestyle football,
Hobby,Gardening,
Hobby,Geocaching,
Hobby,Ghost hunting,
Hobby,Graffiti,
Hobby,Handball,
Hobby,High-power rocketry,
Hobby,Hiking,
Hobby,Hooping,
Hobby,Horseback riding,
Hobby,Hunting,
Hobby,Inline skating,
Hobby,Jogging,
Hobby,Kayaking,
Hobby,Kite flying,
Hobby,Kitesurfing,
Hobby,Larping[,
Hobby,Letterboxing,
Hobby,Longboarding,
Hobby,Martial arts,
Hobby,Metal detecting,
Hobby,Motor sports,
Hobby,Mountain biking,
Hobby,Mountaineering,
Hobby,Mushroom hunting,
Hobby,Netball,
Hobby,Nordic skating,
Hobby,Orienteering,
Hobby,Paintball,
Hobby,Parkour,
Hobby,Photography,
Hobby,Polo,
Hobby,Powerlifting,
Hobby,Rafting,
Hobby,Rappelling,
Hobby,Road biking,
Hobby,Rock climbing,
Hobby,Roller skating,
Hobby,Rugby,
Hobby,Running,
Hobby,Sailing,
Hobby,Sand art,
Hobby,Scouting,
Hobby,Scuba diving,
Hobby,Sculling or rowing,
Hobby,Shooting,
Hobby,Shopping,
Hobby,Skateboarding,
Hobby,Skiing,
Hobby,Skimboarding,
Hobby,Skydiving,
Hobby,Slacklining,
Hobby,Snowboarding,
Hobby,Stone skipping,
Hobby,Sun bathing,
Hobby,Surfing,
Hobby,Swimming,
Hobby,Taekwondo,
Hobby,Tai chi,
Hobby,Topiary,
Hobby,Travel,
Hobby,Urban exploration,
Hobby,Vacation,
Hobby,Vehicle restoration,
Hobby,Walking,
Hobby,Water sports,
Hobby,Action figure,
Hobby,Antiquing,
Hobby,Art collecting,
Hobby,Book collecting,
Hobby,Card collecting,
Hobby,Coin collecting,
Hobby,Comic book collecting,
Hobby,Deltiology,postcard collecting
Hobby,Die-cast toy,
Hobby,Dolls,
Hobby,Element collecting,
Hobby,Movie and movie memorabilia collecting,
Hobby,Perfume,
Hobby,Phillumeny,
Hobby,Rail transport modelling,
Hobby,Record collecting,
Hobby,Shoes,
Hobby,Stamp collecting,
Hobby,Video game collecting,
Hobby,Vintage cars,
Hobby,Antiquities,
Hobby,Auto audiophilia,
Hobby,Flower collecting and pressing,
Hobby,Fossil hunting,
Hobby,Insect collecting,
Hobby,Magnet fishing,
Hobby,Metal detecting,
Hobby,Mineral collecting,
Hobby,Rock balancing,
Hobby,Sea glass collecting,
Hobby,Seashell collecting,
Hobby,Stone collecting,
Hobby,Animal fancy,
Hobby,Badminton,
Hobby,Baton twirling,
Hobby,Billiards,
Hobby,Bowling,
Hobby,Boxing,
Hobby,Bridge,
Hobby,Cheerleading,
Hobby,Chess,
Hobby,Color guard,
Hobby,Curling,
Hobby,Dancing,
Hobby,Darts,
Hobby,Debate,
Hobby,Eating,
Hobby,ESports,
Hobby,Fencing,
Hobby,Go,
Hobby,Gymnastics,
Hobby,Ice skating,
Hobby,Kabaddi,
Hobby,Laser tag,
Hobby,Longboarding,
Hobby,Mahjong,
Hobby,Marbles,
Hobby,Martial arts,
Hobby,Poker,
Hobby,Slot car racing,
Hobby,Speedcubing,
Hobby,Sport stacking,
Hobby,Table football,
Hobby,Volleyball,
Hobby,Weightlifting,
Hobby,Wrestling,
Hobby,Airsoft,
Hobby,American football,
Hobby,Archery,
Hobby,Association football,
Hobby,Astrology,
Hobby,Australian rules football,
Hobby,Auto racing,
Hobby,Baseball,
Hobby,Beach volleyball,
Hobby,Breakdancing,
Hobby,Climbing,
Hobby,Cricket,
Hobby,Cycling,
Hobby,Disc golf,
Hobby,Dog sport,
Hobby,Equestrianism,
Hobby,Exhibition drill,
Hobby,Field hockey,
Hobby,Figure skating,
Hobby,Fishing,
Hobby,Footbag,
Hobby,Golfing,
Hobby,Handball,
Hobby,Horseback riding,
Hobby,Ice hockey,
Hobby,Judo,
Hobby,Jukskei,
Hobby,Kart racing,
Hobby,Knife throwing,
Hobby,Lacrosse,
Hobby,Longboarding,
Hobby,Marching band,
Hobby,Model aircraft,
Hobby,Racquetball,
Hobby,Radio-controlled car racing,
Hobby,Roller derby,
Hobby,Rugby league football,
Hobby,Sculling, rowing
Hobby,Shooting sport,
Hobby,Skateboarding,
Hobby,Speed skating,
Hobby,Squash,
Hobby,Surfing,
Hobby,Swimming,
Hobby,Table tennis,
Hobby,Tennis,
Hobby,Tennis polo,
Hobby,Tether car,
Hobby,Tour skating,
Hobby,Triathlon,
Hobby,Ultimate frisbee,
Hobby,Volleyball,
Hobby,Water polo,
Hobby,Fishkeeping,
Hobby,Learning,
Hobby,Meditation,
Hobby,Microscopy,
Hobby,Reading,
Hobby,Shortwave listening,
Hobby,Videophilia,
Hobby,Aircraft spotting,
Hobby,Amateur astronomy,
Hobby,Birdwatching,
Hobby,Bus spotting,
Hobby,Geocaching,
Hobby,Gongoozling,
Hobby,Herping,
Hobby,Hiking,backpacking
Hobby,Meteorology,
Hobby,Photography,
Hobby,Satellite watching,
Hobby,Trainspotting,
Hobby,Traveling,
Hobby,Whale watching,
